MM:DD:YYYY hh:mm:ss,Library_Version,Session_type,Device_Number,Battery_Voltage,Motor_Turns,FR,Event,Active_Poke,Left_Poke_Count,Right_Poke_Count,Pellet_Count,Block_Pellet_Count,Retrieval_Time,InterPelletInterval,Poke_Time
8/17/2023 10:19:14,1.16.3,ProgRatio,5,4.04,nan,1,Left,Left,1,0,0,0,nan,nan,0.08
8/17/2023 10:19:19,1.16.3,ProgRatio,5,4.03,nan,1,LeftDuringDispense,Left,2,0,0,0,nan,nan,0.02
8/17/2023 10:19:22,1.16.3,ProgRatio,5,4.03,5,1,Pellet,Left,2,0,1,0,0.31,nan,nan
8/17/2023 10:20:37,1.16.3,ProgRatio,5,4.03,nan,2,Left,Left,3,0,1,0,nan,nan,0.10
8/17/2023 10:20:39,1.16.3,ProgRatio,5,4.04,nan,2,Left,Left,4,0,1,0,nan,nan,0.07
8/17/2023 10:20:50,1.16.3,ProgRatio,5,4.03,2,2,Pellet,Left,4,0,2,0,7.22,87,nan
8/17/2023 10:21:12,1.16.3,ProgRatio,5,4.03,nan,4,Left,Left,5,0,2,0,nan,nan,0.30
8/17/2023 10:21:14,1.16.3,ProgRatio,5,4.03,nan,4,Left,Left,6,0,2,0,nan,nan,0.34
8/17/2023 10:21:18,1.16.3,ProgRatio,5,4.04,nan,4,Left,Left,7,0,2,0,nan,nan,0.10
8/17/2023 10:21:20,1.16.3,ProgRatio,5,4.03,nan,4,Left,Left,8,0,2,0,nan,nan,0.09
8/17/2023 10:21:22,1.16.3,ProgRatio,5,4.04,2,4,Pellet,Left,8,0,3,0,0.19,32,nan
8/17/2023 10:23:56,1.16.3,ProgRatio,5,4.03,nan,6,Left,Left,9,0,3,0,nan,nan,0.10
8/17/2023 10:23:57,1.16.3,ProgRatio,5,4.03,nan,6,Left,Left,10,0,3,0,nan,nan,0.27
8/17/2023 10:23:59,1.16.3,ProgRatio,5,4.03,nan,6,Left,Left,11,0,3,0,nan,nan,0.34
8/17/2023 10:24:01,1.16.3,ProgRatio,5,4.03,nan,6,Left,Left,12,0,3,0,nan,nan,0.27
8/17/2023 10:24:03,1.16.3,ProgRatio,5,4.03,nan,6,Left,Left,13,0,3,0,nan,nan,0.39
8/17/2023 10:24:05,1.16.3,ProgRatio,5,4.03,nan,6,Left,Left,14,0,3,0,nan,nan,0.28
8/17/2023 10:24:06,1.16.3,ProgRatio,5,4.03,2,6,Pellet,Left,14,0,4,0,0.12,165,nan
8/17/2023 10:24:20,1.16.3,ProgRatio,5,4.03,nan,9,Left,Left,15,0,4,0,nan,nan,0.25
8/17/2023 10:24:21,1.16.3,ProgRatio,5,4.03,nan,9,Left,Left,16,0,4,0,nan,nan,0.24
8/17/2023 10:24:23,1.16.3,ProgRatio,5,4.03,nan,9,Left,Left,17,0,4,0,nan,nan,0.18
8/17/2023 10:24:25,1.16.3,ProgRatio,5,4.03,nan,9,Left,Left,18,0,4,0,nan,nan,0.72
8/17/2023 10:24:28,1.16.3,ProgRatio,5,4.03,nan,9,Left,Left,19,0,4,0,nan,nan,0.53
8/17/2023 10:24:30,1.16.3,ProgRatio,5,4.03,nan,9,Left,Left,20,0,4,0,nan,nan,0.82
8/17/2023 10:24:32,1.16.3,ProgRatio,5,4.04,nan,9,Left,Left,21,0,4,0,nan,nan,0.39
8/17/2023 10:24:37,1.16.3,ProgRatio,5,4.03,nan,9,Left,Left,22,0,4,0,nan,nan,0.56
8/17/2023 10:24:39,1.16.3,ProgRatio,5,4.03,nan,9,Left,Left,23,0,4,0,nan,nan,0.56
8/17/2023 10:24:40,1.16.3,ProgRatio,5,4.03,2,9,Pellet,Left,23,0,5,0,0.06,34,nan
8/17/2023 10:26:55,1.16.3,ProgRatio,5,4.04,nan,12,Left,Left,24,0,5,0,nan,nan,0.15
8/17/2023 10:26:58,1.16.3,ProgRatio,5,4.03,nan,12,Left,Left,25,0,5,0,nan,nan,0.39
8/17/2023 10:26:59,1.16.3,ProgRatio,5,4.03,nan,12,Left,Left,26,0,5,0,nan,nan,0.40
8/17/2023 10:27:01,1.16.3,ProgRatio,5,4.04,nan,12,Left,Left,27,0,5,0,nan,nan,0.28
8/17/2023 10:27:03,1.16.3,ProgRatio,5,4.03,nan,12,Left,Left,28,0,5,0,nan,nan,0.98
8/17/2023 10:27:05,1.16.3,ProgRatio,5,4.03,nan,12,Left,Left,29,0,5,0,nan,nan,0.31
8/17/2023 10:27:06,1.16.3,ProgRatio,5,4.03,nan,12,Left,Left,30,0,5,0,nan,nan,0.04
8/17/2023 10:27:08,1.16.3,ProgRatio,5,4.04,nan,12,Left,Left,31,0,5,0,nan,nan,0.57
8/17/2023 10:27:11,1.16.3,ProgRatio,5,4.03,nan,12,Left,Left,32,0,5,0,nan,nan,0.44
8/17/2023 10:27:13,1.16.3,ProgRatio,5,4.03,nan,12,Left,Left,33,0,5,0,nan,nan,0.51
8/17/2023 10:27:15,1.16.3,ProgRatio,5,4.03,nan,12,Left,Left,34,0,5,0,nan,nan,0.58
8/17/2023 10:27:17,1.16.3,ProgRatio,5,4.03,nan,12,Left,Left,35,0,5,0,nan,nan,0.56
8/17/2023 10:27:19,1.16.3,ProgRatio,5,4.03,2,12,Pellet,Left,35,0,6,0,0.82,159,nan
8/17/2023 10:27:43,1.16.3,ProgRatio,5,4.03,nan,15,Left,Left,36,0,6,0,nan,nan,0.12
8/17/2023 10:27:47,1.16.3,ProgRatio,5,4.03,nan,15,Left,Left,37,0,6,0,nan,nan,0.49
8/17/2023 10:27:50,1.16.3,ProgRatio,5,4.03,nan,15,Left,Left,38,0,6,0,nan,nan,0.39
8/17/2023 10:27:55,1.16.3,ProgRatio,5,4.03,nan,15,Left,Left,39,0,6,0,nan,nan,0.22
8/17/2023 10:27:59,1.16.3,ProgRatio,5,4.03,nan,15,Left,Left,40,0,6,0,nan,nan,0.32
8/17/2023 10:28:03,1.16.3,ProgRatio,5,4.03,nan,15,Left,Left,41,0,6,0,nan,nan,0.51
8/17/2023 10:28:05,1.16.3,ProgRatio,5,4.03,nan,15,Left,Left,42,0,6,0,nan,nan,0.59
8/17/2023 10:28:07,1.16.3,ProgRatio,5,4.03,nan,15,Left,Left,43,0,6,0,nan,nan,0.66
8/17/2023 10:28:12,1.16.3,ProgRatio,5,4.03,nan,15,Left,Left,44,0,6,0,nan,nan,0.68
8/17/2023 10:28:14,1.16.3,ProgRatio,5,4.04,nan,15,Left,Left,45,0,6,0,nan,nan,0.48
8/17/2023 10:28:15,1.16.3,ProgRatio,5,4.03,nan,15,Left,Left,46,0,6,0,nan,nan,0.00
8/17/2023 10:28:17,1.16.3,ProgRatio,5,4.03,nan,15,Left,Left,47,0,6,0,nan,nan,0.49
8/17/2023 10:28:20,1.16.3,ProgRatio,5,4.03,nan,15,Left,Left,48,0,6,0,nan,nan,0.40
8/17/2023 10:28:22,1.16.3,ProgRatio,5,4.03,nan,15,Right,Left,48,1,6,0,nan,nan,0.55
8/17/2023 10:28:27,1.16.3,ProgRatio,5,4.03,nan,15,Left,Left,49,1,6,0,nan,nan,0.26
8/17/2023 10:28:28,1.16.3,ProgRatio,5,4.03,nan,15,Left,Left,50,1,6,0,nan,nan,0.23
8/17/2023 10:28:29,1.16.3,ProgRatio,5,4.03,2,15,Pellet,Left,50,1,7,0,0.12,70,nan
8/17/2023 10:28:40,1.16.3,ProgRatio,5,4.03,nan,20,Left,Left,51,1,7,0,nan,nan,0.10
8/17/2023 10:28:44,1.16.3,ProgRatio,5,4.03,nan,20,Left,Left,52,1,7,0,nan,nan,0.03
8/17/2023 10:28:48,1.16.3,ProgRatio,5,4.03,nan,20,Left,Left,53,1,7,0,nan,nan,0.70
8/17/2023 10:28:50,1.16.3,ProgRatio,5,4.03,nan,20,Left,Left,54,1,7,0,nan,nan,0.49
8/17/2023 10:28:51,1.16.3,ProgRatio,5,4.03,nan,20,Left,Left,55,1,7,0,nan,nan,0.48
8/17/2023 10:31:51,1.16.3,ProgRatio,5,4.03,nan,20,Left,Left,56,1,7,0,nan,nan,0.23
8/17/2023 10:31:53,1.16.3,ProgRatio,5,4.03,nan,20,Left,Left,57,1,7,0,nan,nan,0.43
8/17/2023 10:31:55,1.16.3,ProgRatio,5,4.03,nan,20,Left,Left,58,1,7,0,nan,nan,0.45
8/17/2023 10:31:57,1.16.3,ProgRatio,5,4.03,nan,20,Left,Left,59,1,7,0,nan,nan,0.25
8/17/2023 10:31:59,1.16.3,ProgRatio,5,4.04,nan,20,Left,Left,60,1,7,0,nan,nan,0.54
8/17/2023 10:32:01,1.16.3,ProgRatio,5,4.04,nan,20,Left,Left,61,1,7,0,nan,nan,0.37
8/17/2023 10:32:03,1.16.3,ProgRatio,5,4.03,nan,20,Left,Left,62,1,7,0,nan,nan,0.52
8/17/2023 10:32:05,1.16.3,ProgRatio,5,4.03,nan,20,Left,Left,63,1,7,0,nan,nan,0.52
8/17/2023 10:32:07,1.16.3,ProgRatio,5,4.03,nan,20,Left,Left,64,1,7,0,nan,nan,0.81
8/17/2023 10:32:10,1.16.3,ProgRatio,5,4.03,nan,20,Left,Left,65,1,7,0,nan,nan,1.45
8/17/2023 10:32:12,1.16.3,ProgRatio,5,4.03,nan,20,Left,Left,66,1,7,0,nan,nan,0.41
8/17/2023 10:32:14,1.16.3,ProgRatio,5,4.03,nan,20,Left,Left,67,1,7,0,nan,nan,0.39
8/17/2023 10:32:15,1.16.3,ProgRatio,5,4.03,nan,20,Left,Left,68,1,7,0,nan,nan,0.19
8/17/2023 10:32:17,1.16.3,ProgRatio,5,4.03,nan,20,Left,Left,69,1,7,0,nan,nan,0.14
8/17/2023 10:32:21,1.16.3,ProgRatio,5,4.03,nan,20,Left,Left,70,1,7,0,nan,nan,0.64
8/17/2023 10:32:22,1.16.3,ProgRatio,5,4.03,2,20,Pellet,Left,70,1,8,0,0.12,233,nan
8/17/2023 10:32:45,1.16.3,ProgRatio,5,4.03,nan,25,Left,Left,71,1,8,0,nan,nan,0.12
8/17/2023 10:32:47,1.16.3,ProgRatio,5,4.04,nan,25,Left,Left,72,1,8,0,nan,nan,0.50
8/17/2023 10:32:49,1.16.3,ProgRatio,5,4.03,nan,25,Left,Left,73,1,8,0,nan,nan,0.96
8/17/2023 10:32:52,1.16.3,ProgRatio,5,4.03,nan,25,Left,Left,74,1,8,0,nan,nan,0.44
8/17/2023 10:32:56,1.16.3,ProgRatio,5,4.03,nan,25,Left,Left,75,1,8,0,nan,nan,0.46
8/17/2023 10:32:58,1.16.3,ProgRatio,5,4.03,nan,25,Left,Left,76,1,8,0,nan,nan,0.57
8/17/2023 10:33:00,1.16.3,ProgRatio,5,4.03,nan,25,Left,Left,77,1,8,0,nan,nan,0.41
8/17/2023 10:33:01,1.16.3,ProgRatio,5,4.04,nan,25,Left,Left,78,1,8,0,nan,nan,0.00
8/17/2023 10:33:03,1.16.3,ProgRatio,5,4.03,nan,25,Left,Left,79,1,8,0,nan,nan,0.41
8/17/2023 10:33:07,1.16.3,ProgRatio,5,4.03,nan,25,Left,Left,80,1,8,0,nan,nan,0.83
8/17/2023 10:33:09,1.16.3,ProgRatio,5,4.03,nan,25,Left,Left,81,1,8,0,nan,nan,1.21
8/17/2023 10:33:10,1.16.3,ProgRatio,5,4.03,nan,25,Left,Left,82,1,8,0,nan,nan,0.00
8/17/2023 10:33:12,1.16.3,ProgRatio,5,4.03,nan,25,Left,Left,83,1,8,0,nan,nan,0.34
8/17/2023 10:33:19,1.16.3,ProgRatio,5,4.04,nan,25,Right,Left,83,2,8,0,nan,nan,0.17
8/17/2023 10:33:22,1.16.3,ProgRatio,5,4.03,nan,25,Left,Left,84,2,8,0,nan,nan,0.27
8/17/2023 10:33:25,1.16.3,ProgRatio,5,4.04,nan,25,Left,Left,85,2,8,0,nan,nan,0.17
8/17/2023 10:33:25,1.16.3,ProgRatio,5,4.03,nan,25,Left,Left,86,2,8,0,nan,nan,0.00
8/17/2023 10:33:28,1.16.3,ProgRatio,5,4.03,nan,25,Left,Left,87,2,8,0,nan,nan,0.38
8/17/2023 10:33:30,1.16.3,ProgRatio,5,4.04,nan,25,Left,Left,88,2,8,0,nan,nan,0.23
8/17/2023 10:33:32,1.16.3,ProgRatio,5,4.03,nan,25,Left,Left,89,2,8,0,nan,nan,0.58
8/17/2023 10:35:09,1.16.3,ProgRatio,5,4.03,nan,25,Left,Left,90,2,8,0,nan,nan,0.01
8/17/2023 10:36:24,1.16.3,ProgRatio,5,4.03,nan,25,Left,Left,91,2,8,0,nan,nan,0.56
8/17/2023 10:36:27,1.16.3,ProgRatio,5,4.03,nan,25,Left,Left,92,2,8,0,nan,nan,0.39
8/17/2023 10:36:33,1.16.3,ProgRatio,5,4.03,nan,25,Left,Left,93,2,8,0,nan,nan,0.57
8/17/2023 10:36:35,1.16.3,ProgRatio,5,4.03,nan,25,Left,Left,94,2,8,0,nan,nan,0.08
8/17/2023 10:36:39,1.16.3,ProgRatio,5,4.03,nan,25,Left,Left,95,2,8,0,nan,nan,0.11
8/17/2023 10:37:00,1.16.3,ProgRatio,5,4.03,1,25,Pellet,Left,95,2,9,0,19.77,278,nan
8/17/2023 10:37:25,1.16.3,ProgRatio,5,4.03,nan,32,Left,Left,96,2,9,0,nan,nan,0.12
8/17/2023 10:37:28,1.16.3,ProgRatio,5,4.03,nan,32,Left,Left,97,2,9,0,nan,nan,0.48
8/17/2023 10:37:33,1.16.3,ProgRatio,5,4.03,nan,32,Left,Left,98,2,9,0,nan,nan,0.10
8/17/2023 10:37:37,1.16.3,ProgRatio,5,4.03,nan,32,Left,Left,99,2,9,0,nan,nan,0.74
8/17/2023 10:37:38,1.16.3,ProgRatio,5,4.03,nan,32,Left,Left,100,2,9,0,nan,nan,0.00
8/17/2023 10:37:41,1.16.3,ProgRatio,5,4.03,nan,32,Left,Left,101,2,9,0,nan,nan,0.55
8/17/2023 10:37:44,1.16.3,ProgRatio,5,4.03,nan,32,Left,Left,102,2,9,0,nan,nan,0.51
8/17/2023 10:37:47,1.16.3,ProgRatio,5,4.03,nan,32,Left,Left,103,2,9,0,nan,nan,0.53
8/17/2023 10:37:49,1.16.3,ProgRatio,5,4.03,nan,32,Left,Left,104,2,9,0,nan,nan,0.49
8/17/2023 10:37:53,1.16.3,ProgRatio,5,4.03,nan,32,Left,Left,105,2,9,0,nan,nan,1.16
8/17/2023 10:37:59,1.16.3,ProgRatio,5,4.03,nan,32,Left,Left,106,2,9,0,nan,nan,0.02
8/17/2023 10:38:02,1.16.3,ProgRatio,5,4.03,nan,32,Left,Left,107,2,9,0,nan,nan,0.81
8/17/2023 10:38:05,1.16.3,ProgRatio,5,4.03,nan,32,Left,Left,108,2,9,0,nan,nan,1.12
8/17/2023 10:38:09,1.16.3,ProgRatio,5,4.03,nan,32,Left,Left,109,2,9,0,nan,nan,0.24
8/17/2023 10:38:11,1.16.3,ProgRatio,5,4.03,nan,32,Left,Left,110,2,9,0,nan,nan,0.73
8/17/2023 10:38:14,1.16.3,ProgRatio,5,4.03,nan,32,Left,Left,111,2,9,0,nan,nan,0.66
8/17/2023 10:38:16,1.16.3,ProgRatio,5,4.03,nan,32,Left,Left,112,2,9,0,nan,nan,0.62
8/17/2023 10:38:19,1.16.3,ProgRatio,5,4.03,nan,32,Left,Left,113,2,9,0,nan,nan,0.25
8/17/2023 10:45:28,1.16.3,ProgRatio,5,4.03,nan,32,Left,Left,114,2,9,0,nan,nan,0.39
8/17/2023 10:45:34,1.16.3,ProgRatio,5,4.03,nan,32,Left,Left,115,2,9,0,nan,nan,0.46
8/17/2023 10:45:36,1.16.3,ProgRatio,5,4.03,nan,32,Left,Left,116,2,9,0,nan,nan,0.49
8/17/2023 10:45:40,1.16.3,ProgRatio,5,4.03,nan,32,Left,Left,117,2,9,0,nan,nan,0.76
8/17/2023 10:45:42,1.16.3,ProgRatio,5,4.03,nan,32,Left,Left,118,2,9,0,nan,nan,0.80
8/17/2023 10:46:38,1.16.3,ProgRatio,5,4.03,nan,32,Left,Left,119,2,9,0,nan,nan,0.72
8/17/2023 10:46:53,1.16.3,ProgRatio,5,4.03,nan,32,Left,Left,120,2,9,0,nan,nan,0.23
8/17/2023 10:47:00,1.16.3,ProgRatio,5,4.04,nan,32,Left,Left,121,2,9,0,nan,nan,0.43
8/17/2023 10:47:01,1.16.3,ProgRatio,5,4.03,nan,32,Left,Left,122,2,9,0,nan,nan,0.00
8/17/2023 10:47:06,1.16.3,ProgRatio,5,4.03,nan,32,Left,Left,123,2,9,0,nan,nan,0.66
8/17/2023 10:47:08,1.16.3,ProgRatio,5,4.03,nan,32,Left,Left,124,2,9,0,nan,nan,0.20
8/17/2023 10:48:42,1.16.3,ProgRatio,5,4.03,nan,32,Left,Left,125,2,9,0,nan,nan,0.05
8/17/2023 10:54:28,1.16.3,ProgRatio,5,4.03,nan,32,Left,Left,126,2,9,0,nan,nan,0.10
8/17/2023 10:54:29,1.16.3,ProgRatio,5,4.03,nan,32,Left,Left,127,2,9,0,nan,nan,0.11
8/17/2023 10:54:30,1.16.3,ProgRatio,5,4.03,nan,32,LeftDuringDispense,Left,128,2,9,0,nan,nan,0.04
8/17/2023 10:54:33,1.16.3,ProgRatio,5,4.03,2,32,Pellet,Left,128,2,10,0,0.56,1053,nan
8/17/2023 10:54:59,1.16.3,ProgRatio,5,4.03,nan,40,Left,Left,129,2,10,0,nan,nan,0.58
8/17/2023 10:55:01,1.16.3,ProgRatio,5,4.03,nan,40,Left,Left,130,2,10,0,nan,nan,0.40
8/17/2023 10:55:03,1.16.3,ProgRatio,5,4.03,nan,40,Left,Left,131,2,10,0,nan,nan,0.44
8/17/2023 10:55:06,1.16.3,ProgRatio,5,4.03,nan,40,Left,Left,132,2,10,0,nan,nan,0.70
8/17/2023 10:55:09,1.16.3,ProgRatio,5,4.03,nan,40,Left,Left,133,2,10,0,nan,nan,0.46
8/17/2023 10:55:32,1.16.3,ProgRatio,5,4.03,nan,40,Left,Left,134,2,10,0,nan,nan,0.06
8/17/2023 10:55:34,1.16.3,ProgRatio,5,4.03,nan,40,Left,Left,135,2,10,0,nan,nan,0.56
8/17/2023 10:55:38,1.16.3,ProgRatio,5,4.03,nan,40,Left,Left,136,2,10,0,nan,nan,0.06
8/17/2023 10:55:39,1.16.3,ProgRatio,5,4.03,nan,40,Left,Left,137,2,10,0,nan,nan,0.00
8/17/2023 10:55:41,1.16.3,ProgRatio,5,4.03,nan,40,Left,Left,138,2,10,0,nan,nan,0.50
8/17/2023 10:55:47,1.16.3,ProgRatio,5,4.03,nan,40,Left,Left,139,2,10,0,nan,nan,1.01
8/17/2023 10:55:50,1.16.3,ProgRatio,5,4.03,nan,40,Left,Left,140,2,10,0,nan,nan,0.34
8/17/2023 10:55:53,1.16.3,ProgRatio,5,4.03,nan,40,Left,Left,141,2,10,0,nan,nan,0.72
8/17/2023 10:55:55,1.16.3,ProgRatio,5,4.03,nan,40,Left,Left,142,2,10,0,nan,nan,0.45
8/17/2023 10:55:57,1.16.3,ProgRatio,5,4.03,nan,40,Left,Left,143,2,10,0,nan,nan,0.65
8/17/2023 10:56:02,1.16.3,ProgRatio,5,4.03,nan,40,Left,Left,144,2,10,0,nan,nan,0.08
8/17/2023 10:56:08,1.16.3,ProgRatio,5,4.03,nan,40,Left,Left,145,2,10,0,nan,nan,1.03
8/17/2023 10:56:11,1.16.3,ProgRatio,5,4.04,nan,40,Left,Left,146,2,10,0,nan,nan,0.48
8/17/2023 10:56:15,1.16.3,ProgRatio,5,4.03,nan,40,Left,Left,147,2,10,0,nan,nan,0.24
8/17/2023 10:56:16,1.16.3,ProgRatio,5,4.03,nan,40,Left,Left,148,2,10,0,nan,nan,0.39
8/17/2023 10:56:19,1.16.3,ProgRatio,5,4.03,nan,40,Left,Left,149,2,10,0,nan,nan,1.29
8/17/2023 10:56:25,1.16.3,ProgRatio,5,4.03,nan,40,Left,Left,150,2,10,0,nan,nan,0.47
8/17/2023 10:56:32,1.16.3,ProgRatio,5,4.03,nan,40,Left,Left,151,2,10,0,nan,nan,0.25
8/17/2023 10:56:38,1.16.3,ProgRatio,5,4.03,nan,40,Left,Left,152,2,10,0,nan,nan,0.55
8/17/2023 10:56:48,1.16.3,ProgRatio,5,4.03,nan,40,Left,Left,153,2,10,0,nan,nan,0.23
8/17/2023 10:56:52,1.16.3,ProgRatio,5,4.04,nan,40,Left,Left,154,2,10,0,nan,nan,0.93
8/17/2023 10:57:01,1.16.3,ProgRatio,5,4.03,nan,40,Left,Left,155,2,10,0,nan,nan,0.65
8/17/2023 10:57:09,1.16.3,ProgRatio,5,4.03,nan,40,Left,Left,156,2,10,0,nan,nan,0.22
8/17/2023 10:57:16,1.16.3,ProgRatio,5,4.03,nan,40,Left,Left,157,2,10,0,nan,nan,0.04
8/17/2023 10:57:19,1.16.3,ProgRatio,5,4.03,nan,40,Left,Left,158,2,10,0,nan,nan,0.10
8/17/2023 10:57:30,1.16.3,ProgRatio,5,4.03,nan,40,Left,Left,159,2,10,0,nan,nan,0.07
8/17/2023 10:57:38,1.16.3,ProgRatio,5,4.03,nan,40,Left,Left,160,2,10,0,nan,nan,0.03
8/17/2023 10:58:56,1.16.3,ProgRatio,5,4.03,nan,40,Left,Left,161,2,10,0,nan,nan,0.16
8/17/2023 11:04:07,1.16.3,ProgRatio,5,4.03,nan,40,Left,Left,162,2,10,0,nan,nan,0.02
8/17/2023 11:04:13,1.16.3,ProgRatio,5,4.03,nan,40,Left,Left,163,2,10,0,nan,nan,0.05
8/17/2023 11:04:24,1.16.3,ProgRatio,5,4.03,nan,40,Left,Left,164,2,10,0,nan,nan,0.07
8/17/2023 11:04:27,1.16.3,ProgRatio,5,4.03,nan,40,Left,Left,165,2,10,0,nan,nan,0.46
8/17/2023 11:04:33,1.16.3,ProgRatio,5,4.03,nan,40,Left,Left,166,2,10,0,nan,nan,0.41
8/17/2023 11:05:12,1.16.3,ProgRatio,5,4.03,nan,40,Left,Left,167,2,10,0,nan,nan,0.04
8/17/2023 11:08:38,1.16.3,ProgRatio,5,4.03,nan,40,Left,Left,168,2,10,0,nan,nan,0.07
8/17/2023 11:08:39,1.16.3,ProgRatio,5,4.03,1,40,Pellet,Left,168,2,11,0,0.19,846,nan
8/17/2023 11:09:20,1.16.3,ProgRatio,5,4.03,nan,50,Left,Left,169,2,11,0,nan,nan,0.06
8/17/2023 11:09:22,1.16.3,ProgRatio,5,4.03,nan,50,Left,Left,170,2,11,0,nan,nan,0.30
8/17/2023 11:09:34,1.16.3,ProgRatio,5,4.03,nan,50,Left,Left,171,2,11,0,nan,nan,0.06
8/17/2023 11:09:48,1.16.3,ProgRatio,5,4.03,nan,50,Left,Left,172,2,11,0,nan,nan,0.89
8/17/2023 11:09:50,1.16.3,ProgRatio,5,4.04,nan,50,Left,Left,173,2,11,0,nan,nan,0.07
8/17/2023 11:09:54,1.16.3,ProgRatio,5,4.03,nan,50,Left,Left,174,2,11,0,nan,nan,0.77
8/17/2023 11:09:58,1.16.3,ProgRatio,5,4.03,nan,50,Left,Left,175,2,11,0,nan,nan,0.88
8/17/2023 11:10:00,1.16.3,ProgRatio,5,4.03,nan,50,Left,Left,176,2,11,0,nan,nan,0.89
8/17/2023 11:10:03,1.16.3,ProgRatio,5,4.03,nan,50,Left,Left,177,2,11,0,nan,nan,0.82
8/17/2023 11:10:09,1.16.3,ProgRatio,5,4.03,nan,50,Left,Left,178,2,11,0,nan,nan,0.69
8/17/2023 11:10:10,1.16.3,ProgRatio,5,4.03,nan,50,Left,Left,179,2,11,0,nan,nan,0.00
8/17/2023 11:10:13,1.16.3,ProgRatio,5,4.03,nan,50,Left,Left,180,2,11,0,nan,nan,0.96
8/17/2023 11:10:15,1.16.3,ProgRatio,5,4.03,nan,50,Left,Left,181,2,11,0,nan,nan,0.80
8/17/2023 11:10:18,1.16.3,ProgRatio,5,4.03,nan,50,Left,Left,182,2,11,0,nan,nan,0.40
8/17/2023 11:10:21,1.16.3,ProgRatio,5,4.03,nan,50,Left,Left,183,2,11,0,nan,nan,0.36
8/17/2023 11:10:22,1.16.3,ProgRatio,5,4.03,nan,50,Left,Left,184,2,11,0,nan,nan,0.00
8/17/2023 11:10:24,1.16.3,ProgRatio,5,4.03,nan,50,Left,Left,185,2,11,0,nan,nan,0.36
8/17/2023 11:10:27,1.16.3,ProgRatio,5,4.03,nan,50,Left,Left,186,2,11,0,nan,nan,0.69
8/17/2023 11:10:31,1.16.3,ProgRatio,5,4.03,nan,50,Left,Left,187,2,11,0,nan,nan,1.71
8/17/2023 11:10:34,1.16.3,ProgRatio,5,4.03,nan,50,Left,Left,188,2,11,0,nan,nan,0.91
8/17/2023 11:10:38,1.16.3,ProgRatio,5,4.03,nan,50,Left,Left,189,2,11,0,nan,nan,1.58
8/17/2023 11:10:42,1.16.3,ProgRatio,5,4.03,nan,50,Left,Left,190,2,11,0,nan,nan,0.88
8/17/2023 11:10:44,1.16.3,ProgRatio,5,4.03,nan,50,Left,Left,191,2,11,0,nan,nan,0.57
8/17/2023 11:10:48,1.16.3,ProgRatio,5,4.03,nan,50,Left,Left,192,2,11,0,nan,nan,1.85
8/17/2023 11:10:52,1.16.3,ProgRatio,5,4.03,nan,50,Left,Left,193,2,11,0,nan,nan,1.30
8/17/2023 11:10:54,1.16.3,ProgRatio,5,4.03,nan,50,Left,Left,194,2,11,0,nan,nan,0.38
8/17/2023 11:10:57,1.16.3,ProgRatio,5,4.03,nan,50,Left,Left,195,2,11,0,nan,nan,0.68
8/17/2023 11:10:58,1.16.3,ProgRatio,5,4.03,nan,50,Left,Left,196,2,11,0,nan,nan,0.42
8/17/2023 11:11:01,1.16.3,ProgRatio,5,4.03,nan,50,Left,Left,197,2,11,0,nan,nan,2.46
8/17/2023 11:11:07,1.16.3,ProgRatio,5,4.03,nan,50,Left,Left,198,2,11,0,nan,nan,0.86
8/17/2023 11:11:09,1.16.3,ProgRatio,5,4.03,nan,50,Left,Left,199,2,11,0,nan,nan,0.00
8/17/2023 11:11:11,1.16.3,ProgRatio,5,4.03,nan,50,Left,Left,200,2,11,0,nan,nan,0.76
8/17/2023 11:11:18,1.16.3,ProgRatio,5,4.03,nan,50,Left,Left,201,2,11,0,nan,nan,0.79
8/17/2023 11:11:22,1.16.3,ProgRatio,5,4.03,nan,50,Left,Left,202,2,11,0,nan,nan,0.81
8/17/2023 11:11:27,1.16.3,ProgRatio,5,4.03,nan,50,Left,Left,203,2,11,0,nan,nan,0.54
8/17/2023 11:11:35,1.16.3,ProgRatio,5,4.03,nan,50,Left,Left,204,2,11,0,nan,nan,0.27
8/17/2023 11:11:41,1.16.3,ProgRatio,5,4.04,nan,50,Left,Left,205,2,11,0,nan,nan,0.05
8/17/2023 11:13:44,1.16.3,ProgRatio,5,4.03,nan,50,Left,Left,206,2,11,0,nan,nan,0.01
8/17/2023 11:13:48,1.16.3,ProgRatio,5,4.03,nan,50,Left,Left,207,2,11,0,nan,nan,0.33
8/17/2023 11:13:52,1.16.3,ProgRatio,5,4.03,nan,50,Left,Left,208,2,11,0,nan,nan,0.02
8/17/2023 11:13:55,1.16.3,ProgRatio,5,4.03,nan,50,Left,Left,209,2,11,0,nan,nan,0.43
8/17/2023 11:13:57,1.16.3,ProgRatio,5,4.03,nan,50,Left,Left,210,2,11,0,nan,nan,0.70
8/17/2023 11:14:00,1.16.3,ProgRatio,5,4.03,nan,50,Left,Left,211,2,11,0,nan,nan,1.04
8/17/2023 11:14:04,1.16.3,ProgRatio,5,4.03,nan,50,Left,Left,212,2,11,0,nan,nan,0.86
8/17/2023 11:14:05,1.16.3,ProgRatio,5,4.03,nan,50,Left,Left,213,2,11,0,nan,nan,0.31
8/17/2023 11:14:08,1.16.3,ProgRatio,5,4.03,nan,50,Left,Left,214,2,11,0,nan,nan,0.98
8/17/2023 11:14:10,1.16.3,ProgRatio,5,4.03,nan,50,Left,Left,215,2,11,0,nan,nan,0.22
8/17/2023 11:14:11,1.16.3,ProgRatio,5,4.03,nan,50,Left,Left,216,2,11,0,nan,nan,0.02
8/17/2023 11:14:16,1.16.3,ProgRatio,5,4.03,nan,50,Left,Left,217,2,11,0,nan,nan,0.27
8/17/2023 11:14:18,1.16.3,ProgRatio,5,4.03,nan,50,Left,Left,218,2,11,0,nan,nan,0.08
8/17/2023 11:14:19,1.16.3,ProgRatio,5,4.03,1,50,Pellet,Left,218,2,12,0,0.37,340,nan
8/17/2023 11:14:56,1.16.3,ProgRatio,5,4.03,nan,62,Left,Left,219,2,12,0,nan,nan,0.05
8/17/2023 11:14:59,1.16.3,ProgRatio,5,4.03,nan,62,Left,Left,220,2,12,0,nan,nan,0.72
8/17/2023 11:15:02,1.16.3,ProgRatio,5,4.03,nan,62,Left,Left,221,2,12,0,nan,nan,0.61
8/17/2023 11:15:03,1.16.3,ProgRatio,5,4.03,nan,62,Left,Left,222,2,12,0,nan,nan,0.14
8/17/2023 11:15:05,1.16.3,ProgRatio,5,4.03,nan,62,Left,Left,223,2,12,0,nan,nan,0.62
8/17/2023 11:15:08,1.16.3,ProgRatio,5,4.03,nan,62,Left,Left,224,2,12,0,nan,nan,0.51
8/17/2023 11:15:11,1.16.3,ProgRatio,5,4.03,nan,62,Left,Left,225,2,12,0,nan,nan,0.54
8/17/2023 11:15:13,1.16.3,ProgRatio,5,4.03,nan,62,Left,Left,226,2,12,0,nan,nan,0.11
8/17/2023 11:15:17,1.16.3,ProgRatio,5,4.03,nan,62,Left,Left,227,2,12,0,nan,nan,1.15
8/17/2023 11:15:19,1.16.3,ProgRatio,5,4.03,nan,62,Left,Left,228,2,12,0,nan,nan,0.06
8/17/2023 11:15:20,1.16.3,ProgRatio,5,4.03,nan,62,Left,Left,229,2,12,0,nan,nan,0.00
8/17/2023 11:15:24,1.16.3,ProgRatio,5,4.03,nan,62,Left,Left,230,2,12,0,nan,nan,1.29
8/17/2023 11:15:28,1.16.3,ProgRatio,5,4.03,nan,62,Left,Left,231,2,12,0,nan,nan,0.89
8/17/2023 11:15:31,1.16.3,ProgRatio,5,4.03,nan,62,Left,Left,232,2,12,0,nan,nan,0.43
8/17/2023 11:15:32,1.16.3,ProgRatio,5,4.03,nan,62,Left,Left,233,2,12,0,nan,nan,0.00
8/17/2023 11:15:34,1.16.3,ProgRatio,5,4.03,nan,62,Left,Left,234,2,12,0,nan,nan,0.79
8/17/2023 11:15:37,1.16.3,ProgRatio,5,4.03,nan,62,Left,Left,235,2,12,0,nan,nan,1.22
8/17/2023 11:15:39,1.16.3,ProgRatio,5,4.03,nan,62,Left,Left,236,2,12,0,nan,nan,0.65
8/17/2023 11:15:41,1.16.3,ProgRatio,5,4.03,nan,62,Left,Left,237,2,12,0,nan,nan,0.67
8/17/2023 11:15:43,1.16.3,ProgRatio,5,4.03,nan,62,Left,Left,238,2,12,0,nan,nan,0.07
8/17/2023 11:15:45,1.16.3,ProgRatio,5,4.03,nan,62,Left,Left,239,2,12,0,nan,nan,0.64
8/17/2023 11:15:48,1.16.3,ProgRatio,5,4.03,nan,62,Left,Left,240,2,12,0,nan,nan,0.68
8/17/2023 11:15:49,1.16.3,ProgRatio,5,4.03,nan,62,Left,Left,241,2,12,0,nan,nan,0.18
8/17/2023 11:15:52,1.16.3,ProgRatio,5,4.03,nan,62,Left,Left,242,2,12,0,nan,nan,0.56
8/17/2023 11:15:55,1.16.3,ProgRatio,5,4.03,nan,62,Left,Left,243,2,12,0,nan,nan,0.20
8/17/2023 11:15:58,1.16.3,ProgRatio,5,4.03,nan,62,Left,Left,244,2,12,0,nan,nan,0.87
8/17/2023 11:16:00,1.16.3,ProgRatio,5,4.03,nan,62,Left,Left,245,2,12,0,nan,nan,1.11
8/17/2023 11:16:04,1.16.3,ProgRatio,5,4.03,nan,62,Left,Left,246,2,12,0,nan,nan,0.66
8/17/2023 11:16:08,1.16.3,ProgRatio,5,4.03,nan,62,Left,Left,247,2,12,0,nan,nan,0.35
8/17/2023 11:16:09,1.16.3,ProgRatio,5,4.03,nan,62,Left,Left,248,2,12,0,nan,nan,0.00
8/17/2023 11:16:12,1.16.3,ProgRatio,5,4.03,nan,62,Left,Left,249,2,12,0,nan,nan,0.42
8/17/2023 11:16:14,1.16.3,ProgRatio,5,4.03,nan,62,Left,Left,250,2,12,0,nan,nan,0.00
8/17/2023 11:16:16,1.16.3,ProgRatio,5,4.03,nan,62,Left,Left,251,2,12,0,nan,nan,0.91
8/17/2023 11:16:18,1.16.3,ProgRatio,5,4.03,nan,62,Left,Left,252,2,12,0,nan,nan,0.31
8/17/2023 11:16:22,1.16.3,ProgRatio,5,4.03,nan,62,Left,Left,253,2,12,0,nan,nan,0.80
8/17/2023 11:16:37,1.16.3,ProgRatio,5,4.03,nan,62,Left,Left,254,2,12,0,nan,nan,0.04
8/17/2023 11:18:47,1.16.3,ProgRatio,5,4.03,nan,62,Right,Left,254,3,12,0,nan,nan,0.21
8/17/2023 11:18:48,1.16.3,ProgRatio,5,4.03,nan,62,Right,Left,254,4,12,0,nan,nan,0.67
8/17/2023 11:19:17,1.16.3,ProgRatio,5,4.03,nan,62,Left,Left,255,4,12,0,nan,nan,0.10
8/17/2023 11:19:19,1.16.3,ProgRatio,5,4.03,nan,62,Left,Left,256,4,12,0,nan,nan,0.08
8/17/2023 11:19:23,1.16.3,ProgRatio,5,4.03,nan,62,Left,Left,257,4,12,0,nan,nan,0.03
8/17/2023 11:19:26,1.16.3,ProgRatio,5,4.03,nan,62,Left,Left,258,4,12,0,nan,nan,0.49
8/17/2023 11:19:29,1.16.3,ProgRatio,5,4.03,nan,62,Left,Left,259,4,12,0,nan,nan,0.89
8/17/2023 11:19:31,1.16.3,ProgRatio,5,4.03,nan,62,Left,Left,260,4,12,0,nan,nan,0.51
8/17/2023 11:19:34,1.16.3,ProgRatio,5,4.03,nan,62,Left,Left,261,4,12,0,nan,nan,0.90
8/17/2023 11:19:37,1.16.3,ProgRatio,5,4.03,nan,62,Left,Left,262,4,12,0,nan,nan,0.74
8/17/2023 11:19:39,1.16.3,ProgRatio,5,4.03,nan,62,Left,Left,263,4,12,0,nan,nan,0.43
8/17/2023 11:19:42,1.16.3,ProgRatio,5,4.03,nan,62,Left,Left,264,4,12,0,nan,nan,0.86
8/17/2023 11:19:46,1.16.3,ProgRatio,5,4.03,nan,62,Left,Left,265,4,12,0,nan,nan,0.60
8/17/2023 11:19:50,1.16.3,ProgRatio,5,4.03,nan,62,Left,Left,266,4,12,0,nan,nan,0.02
8/17/2023 11:19:52,1.16.3,ProgRatio,5,4.03,nan,62,Left,Left,267,4,12,0,nan,nan,0.39
8/17/2023 11:19:55,1.16.3,ProgRatio,5,4.03,nan,62,Left,Left,268,4,12,0,nan,nan,0.84
8/17/2023 11:19:57,1.16.3,ProgRatio,5,4.03,nan,62,Left,Left,269,4,12,0,nan,nan,0.29
8/17/2023 11:20:11,1.16.3,ProgRatio,5,4.03,nan,62,Left,Left,270,4,12,0,nan,nan,0.13
8/17/2023 11:23:21,1.16.3,ProgRatio,5,4.03,nan,62,Left,Left,271,4,12,0,nan,nan,0.08
8/17/2023 11:24:45,1.16.3,ProgRatio,5,4.03,nan,62,Left,Left,272,4,12,0,nan,nan,0.03
8/17/2023 11:24:48,1.16.3,ProgRatio,5,4.03,nan,62,Left,Left,273,4,12,0,nan,nan,0.31
8/17/2023 11:24:50,1.16.3,ProgRatio,5,4.03,nan,62,Left,Left,274,4,12,0,nan,nan,0.54
8/17/2023 11:24:53,1.16.3,ProgRatio,5,4.04,nan,62,Left,Left,275,4,12,0,nan,nan,0.01
8/17/2023 11:24:55,1.16.3,ProgRatio,5,4.03,nan,62,Left,Left,276,4,12,0,nan,nan,0.49
8/17/2023 11:24:57,1.16.3,ProgRatio,5,4.03,nan,62,Left,Left,277,4,12,0,nan,nan,0.09
8/17/2023 11:25:00,1.16.3,ProgRatio,5,4.03,nan,62,Left,Left,278,4,12,0,nan,nan,0.53
8/17/2023 11:25:03,1.16.3,ProgRatio,5,4.03,nan,62,Left,Left,279,4,12,0,nan,nan,0.43
8/17/2023 11:25:05,1.16.3,ProgRatio,5,4.03,nan,62,Left,Left,280,4,12,0,nan,nan,0.31
8/17/2023 11:25:06,1.16.3,ProgRatio,5,4.03,nan,62,LeftDuringDispense,Left,281,4,12,0,nan,nan,0.06
8/17/2023 11:25:09,1.16.3,ProgRatio,5,4.03,3,62,Pellet,Left,281,4,13,0,0.06,650,nan
8/17/2023 11:25:46,1.16.3,ProgRatio,5,4.03,nan,77,Left,Left,282,4,13,0,nan,nan,0.01
8/17/2023 11:25:49,1.16.3,ProgRatio,5,4.03,nan,77,Left,Left,283,4,13,0,nan,nan,0.05
8/17/2023 11:25:51,1.16.3,ProgRatio,5,4.03,nan,77,Left,Left,284,4,13,0,nan,nan,0.11
8/17/2023 11:25:53,1.16.3,ProgRatio,5,4.03,nan,77,Left,Left,285,4,13,0,nan,nan,0.10
8/17/2023 11:25:55,1.16.3,ProgRatio,5,4.03,nan,77,Left,Left,286,4,13,0,nan,nan,0.38
8/17/2023 11:25:56,1.16.3,ProgRatio,5,4.03,nan,77,Left,Left,287,4,13,0,nan,nan,0.00
8/17/2023 11:26:00,1.16.3,ProgRatio,5,4.03,nan,77,Left,Left,288,4,13,0,nan,nan,1.00
8/17/2023 11:26:02,1.16.3,ProgRatio,5,4.03,nan,77,Left,Left,289,4,13,0,nan,nan,0.57
8/17/2023 11:26:05,1.16.3,ProgRatio,5,4.03,nan,77,Left,Left,290,4,13,0,nan,nan,0.39
8/17/2023 11:26:06,1.16.3,ProgRatio,5,4.03,nan,77,Left,Left,291,4,13,0,nan,nan,0.00
8/17/2023 11:26:07,1.16.3,ProgRatio,5,4.03,nan,77,Left,Left,292,4,13,0,nan,nan,0.41
8/17/2023 11:26:09,1.16.3,ProgRatio,5,4.03,nan,77,Left,Left,293,4,13,0,nan,nan,0.45
8/17/2023 11:26:11,1.16.3,ProgRatio,5,4.03,nan,77,Left,Left,294,4,13,0,nan,nan,0.00
8/17/2023 11:26:13,1.16.3,ProgRatio,5,4.03,nan,77,Left,Left,295,4,13,0,nan,nan,0.52
8/17/2023 11:26:14,1.16.3,ProgRatio,5,4.04,nan,77,Left,Left,296,4,13,0,nan,nan,0.02
8/17/2023 11:26:15,1.16.3,ProgRatio,5,4.03,nan,77,Left,Left,297,4,13,0,nan,nan,0.00
8/17/2023 11:26:18,1.16.3,ProgRatio,5,4.03,nan,77,Left,Left,298,4,13,0,nan,nan,0.36
8/17/2023 11:26:19,1.16.3,ProgRatio,5,4.03,nan,77,Left,Left,299,4,13,0,nan,nan,0.00
8/17/2023 11:26:20,1.16.3,ProgRatio,5,4.03,nan,77,Left,Left,300,4,13,0,nan,nan,0.13
8/17/2023 11:26:24,1.16.3,ProgRatio,5,4.03,nan,77,Left,Left,301,4,13,0,nan,nan,0.67
8/17/2023 11:26:28,1.16.3,ProgRatio,5,4.03,nan,77,Left,Left,302,4,13,0,nan,nan,0.39
8/17/2023 11:26:30,1.16.3,ProgRatio,5,4.03,nan,77,Left,Left,303,4,13,0,nan,nan,0.52
8/17/2023 11:26:33,1.16.3,ProgRatio,5,4.03,nan,77,Left,Left,304,4,13,0,nan,nan,0.88
8/17/2023 11:26:35,1.16.3,ProgRatio,5,4.03,nan,77,Left,Left,305,4,13,0,nan,nan,0.50
8/17/2023 11:26:37,1.16.3,ProgRatio,5,4.03,nan,77,Left,Left,306,4,13,0,nan,nan,0.64
8/17/2023 11:26:41,1.16.3,ProgRatio,5,4.03,nan,77,Left,Left,307,4,13,0,nan,nan,0.95
8/17/2023 11:26:43,1.16.3,ProgRatio,5,4.03,nan,77,Left,Left,308,4,13,0,nan,nan,0.00
8/17/2023 11:26:48,1.16.3,ProgRatio,5,4.03,nan,77,Left,Left,309,4,13,0,nan,nan,1.38
8/17/2023 11:26:51,1.16.3,ProgRatio,5,4.03,nan,77,Left,Left,310,4,13,0,nan,nan,0.62
8/17/2023 11:26:57,1.16.3,ProgRatio,5,4.03,nan,77,Left,Left,311,4,13,0,nan,nan,0.00
8/17/2023 11:27:01,1.16.3,ProgRatio,5,4.03,nan,77,Left,Left,312,4,13,0,nan,nan,0.46
8/17/2023 11:27:08,1.16.3,ProgRatio,5,4.03,nan,77,Left,Left,313,4,13,0,nan,nan,0.09
8/17/2023 11:27:10,1.16.3,ProgRatio,5,4.03,nan,77,Left,Left,314,4,13,0,nan,nan,0.05
8/17/2023 11:27:12,1.16.3,ProgRatio,5,4.03,nan,77,Left,Left,315,4,13,0,nan,nan,0.49
8/17/2023 11:32:13,1.16.3,ProgRatio,5,4.03,nan,77,Left,Left,316,4,13,0,nan,nan,0.08
8/17/2023 11:32:20,1.16.3,ProgRatio,5,4.03,nan,77,Left,Left,317,4,13,0,nan,nan,0.14
8/17/2023 11:32:23,1.16.3,ProgRatio,5,4.03,nan,77,Left,Left,318,4,13,0,nan,nan,0.09
8/17/2023 11:32:27,1.16.3,ProgRatio,5,4.03,nan,77,Left,Left,319,4,13,0,nan,nan,0.24
8/17/2023 11:32:29,1.16.3,ProgRatio,5,4.03,nan,77,Left,Left,320,4,13,0,nan,nan,0.21
8/17/2023 11:32:32,1.16.3,ProgRatio,5,4.03,nan,77,Left,Left,321,4,13,0,nan,nan,0.62
8/17/2023 11:32:35,1.16.3,ProgRatio,5,4.03,nan,77,Left,Left,322,4,13,0,nan,nan,0.22
8/17/2023 11:32:36,1.16.3,ProgRatio,5,4.03,nan,77,Left,Left,323,4,13,0,nan,nan,0.27
8/17/2023 11:32:37,1.16.3,ProgRatio,5,4.03,nan,77,Left,Left,324,4,13,0,nan,nan,0.05
8/17/2023 11:32:39,1.16.3,ProgRatio,5,4.03,nan,77,Left,Left,325,4,13,0,nan,nan,0.50
8/17/2023 11:32:41,1.16.3,ProgRatio,5,4.03,nan,77,Left,Left,326,4,13,0,nan,nan,0.08
8/17/2023 11:32:42,1.16.3,ProgRatio,5,4.03,nan,77,Left,Left,327,4,13,0,nan,nan,0.00
8/17/2023 11:32:45,1.16.3,ProgRatio,5,4.03,nan,77,Left,Left,328,4,13,0,nan,nan,0.69
8/17/2023 11:32:47,1.16.3,ProgRatio,5,4.03,nan,77,Left,Left,329,4,13,0,nan,nan,0.50
8/17/2023 11:32:53,1.16.3,ProgRatio,5,4.03,nan,77,Left,Left,330,4,13,0,nan,nan,0.65
8/17/2023 11:32:54,1.16.3,ProgRatio,5,4.03,nan,77,Left,Left,331,4,13,0,nan,nan,0.64
8/17/2023 11:33:00,1.16.3,ProgRatio,5,4.03,nan,77,Left,Left,332,4,13,0,nan,nan,0.07
8/17/2023 11:33:02,1.16.3,ProgRatio,5,4.03,nan,77,Left,Left,333,4,13,0,nan,nan,0.54
8/17/2023 11:33:05,1.16.3,ProgRatio,5,4.03,nan,77,Left,Left,334,4,13,0,nan,nan,0.60
8/17/2023 11:33:07,1.16.3,ProgRatio,5,4.03,nan,77,Left,Left,335,4,13,0,nan,nan,0.15
8/17/2023 11:33:09,1.16.3,ProgRatio,5,4.03,nan,77,Left,Left,336,4,13,0,nan,nan,0.03
8/17/2023 11:33:10,1.16.3,ProgRatio,5,4.03,nan,77,Left,Left,337,4,13,0,nan,nan,0.00
8/17/2023 11:33:13,1.16.3,ProgRatio,5,4.03,nan,77,Left,Left,338,4,13,0,nan,nan,0.65
8/17/2023 11:33:14,1.16.3,ProgRatio,5,4.03,nan,77,Left,Left,339,4,13,0,nan,nan,0.12
8/17/2023 11:33:18,1.16.3,ProgRatio,5,4.03,nan,77,Left,Left,340,4,13,0,nan,nan,1.57
8/17/2023 11:33:20,1.16.3,ProgRatio,5,4.03,nan,77,Left,Left,341,4,13,0,nan,nan,0.13
8/17/2023 11:33:21,1.16.3,ProgRatio,5,4.03,nan,77,Left,Left,342,4,13,0,nan,nan,0.09
8/17/2023 11:33:24,1.16.3,ProgRatio,5,4.03,nan,77,Left,Left,343,4,13,0,nan,nan,1.26
8/17/2023 11:33:26,1.16.3,ProgRatio,5,4.03,nan,77,Left,Left,344,4,13,0,nan,nan,0.06
8/17/2023 11:33:26,1.16.3,ProgRatio,5,4.03,nan,77,Left,Left,345,4,13,0,nan,nan,0.08
8/17/2023 11:33:31,1.16.3,ProgRatio,5,4.03,nan,77,Left,Left,346,4,13,0,nan,nan,0.30
8/17/2023 11:45:37,1.16.3,ProgRatio,5,4.03,nan,77,Left,Left,347,4,13,0,nan,nan,0.34
8/17/2023 11:45:39,1.16.3,ProgRatio,5,4.03,nan,77,Left,Left,348,4,13,0,nan,nan,0.33
8/17/2023 11:45:41,1.16.3,ProgRatio,5,4.03,nan,77,Left,Left,349,4,13,0,nan,nan,0.30
8/17/2023 11:45:44,1.16.3,ProgRatio,5,4.03,nan,77,Left,Left,350,4,13,0,nan,nan,0.23
8/17/2023 11:45:45,1.16.3,ProgRatio,5,4.03,nan,77,Left,Left,351,4,13,0,nan,nan,0.14
8/17/2023 11:45:47,1.16.3,ProgRatio,5,4.03,nan,77,Left,Left,352,4,13,0,nan,nan,0.76
8/17/2023 11:45:49,1.16.3,ProgRatio,5,4.03,nan,77,Left,Left,353,4,13,0,nan,nan,0.64
8/17/2023 11:45:52,1.16.3,ProgRatio,5,4.03,nan,77,Left,Left,354,4,13,0,nan,nan,0.12
8/17/2023 11:45:56,1.16.3,ProgRatio,5,4.03,nan,77,Left,Left,355,4,13,0,nan,nan,0.49
8/17/2023 11:46:01,1.16.3,ProgRatio,5,4.03,nan,77,Left,Left,356,4,13,0,nan,nan,0.73
8/17/2023 11:46:04,1.16.3,ProgRatio,5,4.03,nan,77,Left,Left,357,4,13,0,nan,nan,0.78
8/17/2023 11:46:05,1.16.3,ProgRatio,5,4.03,nan,77,Left,Left,358,4,13,0,nan,nan,0.07
8/17/2023 11:46:06,1.16.3,ProgRatio,5,4.03,1,77,Pellet,Left,358,4,14,0,0.31,1257,nan
8/17/2023 11:46:29,1.16.3,ProgRatio,5,4.03,nan,95,Left,Left,359,4,14,0,nan,nan,0.15
8/17/2023 11:46:32,1.16.3,ProgRatio,5,4.03,nan,95,Left,Left,360,4,14,0,nan,nan,0.07
8/17/2023 11:46:34,1.16.3,ProgRatio,5,4.03,nan,95,Left,Left,361,4,14,0,nan,nan,0.04
8/17/2023 11:46:36,1.16.3,ProgRatio,5,4.03,nan,95,Left,Left,362,4,14,0,nan,nan,0.23
8/17/2023 11:46:37,1.16.3,ProgRatio,5,4.03,nan,95,Left,Left,363,4,14,0,nan,nan,0.08
8/17/2023 11:46:39,1.16.3,ProgRatio,5,4.03,nan,95,Left,Left,364,4,14,0,nan,nan,0.29
8/17/2023 11:46:40,1.16.3,ProgRatio,5,4.03,nan,95,Left,Left,365,4,14,0,nan,nan,0.07
8/17/2023 11:46:41,1.16.3,ProgRatio,5,4.03,nan,95,Left,Left,366,4,14,0,nan,nan,0.08
8/17/2023 11:46:45,1.16.3,ProgRatio,5,4.03,nan,95,Left,Left,367,4,14,0,nan,nan,0.03
8/17/2023 11:46:48,1.16.3,ProgRatio,5,4.03,nan,95,Left,Left,368,4,14,0,nan,nan,0.07
8/17/2023 11:46:55,1.16.3,ProgRatio,5,4.03,nan,95,Left,Left,369,4,14,0,nan,nan,0.18
8/17/2023 11:46:59,1.16.3,ProgRatio,5,4.03,nan,95,Left,Left,370,4,14,0,nan,nan,0.84
8/17/2023 11:47:01,1.16.3,ProgRatio,5,4.03,nan,95,Left,Left,371,4,14,0,nan,nan,0.07
8/17/2023 11:47:06,1.16.3,ProgRatio,5,4.03,nan,95,Left,Left,372,4,14,0,nan,nan,0.53
8/17/2023 11:47:07,1.16.3,ProgRatio,5,4.03,nan,95,Left,Left,373,4,14,0,nan,nan,0.10
8/17/2023 11:47:10,1.16.3,ProgRatio,5,4.03,nan,95,Left,Left,374,4,14,0,nan,nan,0.08
8/17/2023 11:47:12,1.16.3,ProgRatio,5,4.03,nan,95,Left,Left,375,4,14,0,nan,nan,0.02
8/17/2023 11:47:13,1.16.3,ProgRatio,5,4.03,nan,95,Left,Left,376,4,14,0,nan,nan,0.00
8/17/2023 11:47:18,1.16.3,ProgRatio,5,4.03,nan,95,Left,Left,377,4,14,0,nan,nan,0.04
8/17/2023 11:47:20,1.16.3,ProgRatio,5,4.03,nan,95,Left,Left,378,4,14,0,nan,nan,0.05
8/17/2023 11:47:22,1.16.3,ProgRatio,5,4.03,nan,95,Left,Left,379,4,14,0,nan,nan,0.11
8/17/2023 11:47:23,1.16.3,ProgRatio,5,4.03,nan,95,Left,Left,380,4,14,0,nan,nan,0.02
8/17/2023 11:47:25,1.16.3,ProgRatio,5,4.03,nan,95,Left,Left,381,4,14,0,nan,nan,0.79
8/17/2023 11:47:27,1.16.3,ProgRatio,5,4.03,nan,95,Left,Left,382,4,14,0,nan,nan,0.40
8/17/2023 11:47:29,1.16.3,ProgRatio,5,4.03,nan,95,Left,Left,383,4,14,0,nan,nan,0.27
8/17/2023 11:47:30,1.16.3,ProgRatio,5,4.03,nan,95,Left,Left,384,4,14,0,nan,nan,0.02
8/17/2023 11:47:32,1.16.3,ProgRatio,5,4.03,nan,95,Left,Left,385,4,14,0,nan,nan,0.13
8/17/2023 11:47:41,1.16.3,ProgRatio,5,4.03,nan,95,Left,Left,386,4,14,0,nan,nan,0.04
8/17/2023 11:49:03,1.16.3,ProgRatio,5,4.03,nan,95,Left,Left,387,4,14,0,nan,nan,2.20
8/17/2023 11:49:07,1.16.3,ProgRatio,5,4.03,nan,95,Left,Left,388,4,14,0,nan,nan,0.02
8/17/2023 11:49:10,1.16.3,ProgRatio,5,4.03,nan,95,Left,Left,389,4,14,0,nan,nan,0.45
8/17/2023 11:49:12,1.16.3,ProgRatio,5,4.03,nan,95,Left,Left,390,4,14,0,nan,nan,0.01
8/17/2023 11:49:14,1.16.3,ProgRatio,5,4.03,nan,95,Left,Left,391,4,14,0,nan,nan,0.45
8/17/2023 11:49:16,1.16.3,ProgRatio,5,4.03,nan,95,Left,Left,392,4,14,0,nan,nan,0.02
8/17/2023 11:49:18,1.16.3,ProgRatio,5,4.03,nan,95,Left,Left,393,4,14,0,nan,nan,0.00
8/17/2023 11:49:20,1.16.3,ProgRatio,5,4.03,nan,95,Left,Left,394,4,14,0,nan,nan,0.09
8/17/2023 11:49:22,1.16.3,ProgRatio,5,4.03,nan,95,Left,Left,395,4,14,0,nan,nan,0.00
8/17/2023 11:49:24,1.16.3,ProgRatio,5,4.03,nan,95,Left,Left,396,4,14,0,nan,nan,0.89
8/17/2023 11:49:25,1.16.3,ProgRatio,5,4.03,nan,95,Left,Left,397,4,14,0,nan,nan,0.06
8/17/2023 11:49:26,1.16.3,ProgRatio,5,4.03,nan,95,Left,Left,398,4,14,0,nan,nan,0.03
8/17/2023 11:49:31,1.16.3,ProgRatio,5,4.03,nan,95,Left,Left,399,4,14,0,nan,nan,0.46
8/17/2023 11:49:34,1.16.3,ProgRatio,5,4.03,nan,95,Left,Left,400,4,14,0,nan,nan,0.07
8/17/2023 11:49:35,1.16.3,ProgRatio,5,4.03,nan,95,Left,Left,401,4,14,0,nan,nan,0.00
8/17/2023 11:49:41,1.16.3,ProgRatio,5,4.03,nan,95,Left,Left,402,4,14,0,nan,nan,0.62
8/17/2023 11:49:42,1.16.3,ProgRatio,5,4.03,nan,95,Left,Left,403,4,14,0,nan,nan,0.00
8/17/2023 11:49:42,1.16.3,ProgRatio,5,4.03,nan,95,Left,Left,404,4,14,0,nan,nan,0.12
8/17/2023 11:49:46,1.16.3,ProgRatio,5,4.03,nan,95,Left,Left,405,4,14,0,nan,nan,0.12
8/17/2023 11:49:47,1.16.3,ProgRatio,5,4.03,nan,95,Left,Left,406,4,14,0,nan,nan,0.08
8/17/2023 11:49:49,1.16.3,ProgRatio,5,4.03,nan,95,Left,Left,407,4,14,0,nan,nan,0.08
8/17/2023 11:49:50,1.16.3,ProgRatio,5,4.02,nan,95,Left,Left,408,4,14,0,nan,nan,0.03
8/17/2023 11:49:51,1.16.3,ProgRatio,5,4.03,nan,95,Left,Left,409,4,14,0,nan,nan,0.02
8/17/2023 11:49:53,1.16.3,ProgRatio,5,4.03,nan,95,Left,Left,410,4,14,0,nan,nan,0.01
8/17/2023 11:49:55,1.16.3,ProgRatio,5,4.03,nan,95,Left,Left,411,4,14,0,nan,nan,0.01
8/17/2023 11:49:57,1.16.3,ProgRatio,5,4.03,nan,95,Left,Left,412,4,14,0,nan,nan,0.03
8/17/2023 11:49:59,1.16.3,ProgRatio,5,4.03,nan,95,Left,Left,413,4,14,0,nan,nan,0.44
8/17/2023 11:50:00,1.16.3,ProgRatio,5,4.03,nan,95,Left,Left,414,4,14,0,nan,nan,0.05
8/17/2023 11:50:02,1.16.3,ProgRatio,5,4.03,nan,95,Left,Left,415,4,14,0,nan,nan,0.35
8/17/2023 11:50:06,1.16.3,ProgRatio,5,4.03,nan,95,Left,Left,416,4,14,0,nan,nan,0.25
8/17/2023 11:50:09,1.16.3,ProgRatio,5,4.03,nan,95,Left,Left,417,4,14,0,nan,nan,0.32
8/17/2023 11:53:03,1.16.3,ProgRatio,5,4.03,nan,95,Left,Left,418,4,14,0,nan,nan,0.03
8/17/2023 11:53:08,1.16.3,ProgRatio,5,4.03,nan,95,Left,Left,419,4,14,0,nan,nan,0.02
8/17/2023 11:53:13,1.16.3,ProgRatio,5,4.03,nan,95,Left,Left,420,4,14,0,nan,nan,0.07
8/17/2023 11:53:15,1.16.3,ProgRatio,5,4.03,nan,95,Left,Left,421,4,14,0,nan,nan,0.01
8/17/2023 11:53:21,1.16.3,ProgRatio,5,4.03,nan,95,Left,Left,422,4,14,0,nan,nan,0.05
8/17/2023 11:53:24,1.16.3,ProgRatio,5,4.03,nan,95,Left,Left,423,4,14,0,nan,nan,0.19
8/17/2023 11:53:25,1.16.3,ProgRatio,5,4.03,nan,95,Left,Left,424,4,14,0,nan,nan,0.02
8/17/2023 11:53:27,1.16.3,ProgRatio,5,4.03,nan,95,Left,Left,425,4,14,0,nan,nan,0.12
8/17/2023 11:53:29,1.16.3,ProgRatio,5,4.03,nan,95,Left,Left,426,4,14,0,nan,nan,0.38
8/17/2023 11:53:30,1.16.3,ProgRatio,5,4.03,nan,95,Left,Left,427,4,14,0,nan,nan,0.51
8/17/2023 11:53:31,1.16.3,ProgRatio,5,4.03,nan,95,Left,Left,428,4,14,0,nan,nan,0.01
8/17/2023 11:53:33,1.16.3,ProgRatio,5,4.03,nan,95,Left,Left,429,4,14,0,nan,nan,0.04
8/17/2023 11:53:34,1.16.3,ProgRatio,5,4.03,nan,95,Left,Left,430,4,14,0,nan,nan,0.00
8/17/2023 11:53:36,1.16.3,ProgRatio,5,4.03,nan,95,Left,Left,431,4,14,0,nan,nan,0.70
8/17/2023 11:53:39,1.16.3,ProgRatio,5,4.03,nan,95,Left,Left,432,4,14,0,nan,nan,0.42
8/17/2023 11:53:40,1.16.3,ProgRatio,5,4.03,nan,95,Left,Left,433,4,14,0,nan,nan,0.90
8/17/2023 11:53:44,1.16.3,ProgRatio,5,4.03,nan,95,Left,Left,434,4,14,0,nan,nan,2.06
8/17/2023 11:53:46,1.16.3,ProgRatio,5,4.03,nan,95,Left,Left,435,4,14,0,nan,nan,0.77
8/17/2023 11:53:50,1.16.3,ProgRatio,5,4.03,nan,95,Left,Left,436,4,14,0,nan,nan,1.21
8/17/2023 11:53:51,1.16.3,ProgRatio,5,4.03,nan,95,Left,Left,437,4,14,0,nan,nan,0.00
8/17/2023 11:53:53,1.16.3,ProgRatio,5,4.03,nan,95,Left,Left,438,4,14,0,nan,nan,0.00
8/17/2023 11:53:56,1.16.3,ProgRatio,5,4.03,nan,95,Left,Left,439,4,14,0,nan,nan,0.60
8/17/2023 11:53:59,1.16.3,ProgRatio,5,4.03,nan,95,Left,Left,440,4,14,0,nan,nan,1.26
8/17/2023 11:54:01,1.16.3,ProgRatio,5,4.03,nan,95,Left,Left,441,4,14,0,nan,nan,0.74
8/17/2023 11:54:04,1.16.3,ProgRatio,5,4.03,nan,95,Left,Left,442,4,14,0,nan,nan,0.09
8/17/2023 11:54:07,1.16.3,ProgRatio,5,4.03,nan,95,Left,Left,443,4,14,0,nan,nan,0.59
8/17/2023 11:54:10,1.16.3,ProgRatio,5,4.03,nan,95,Left,Left,444,4,14,0,nan,nan,0.04
8/17/2023 11:54:13,1.16.3,ProgRatio,5,4.03,nan,95,Left,Left,445,4,14,0,nan,nan,0.21
8/17/2023 11:54:15,1.16.3,ProgRatio,5,4.03,nan,95,Left,Left,446,4,14,0,nan,nan,0.06
8/17/2023 11:58:48,1.16.3,ProgRatio,5,4.03,nan,95,Left,Left,447,4,14,0,nan,nan,0.01
8/17/2023 11:58:50,1.16.3,ProgRatio,5,4.03,nan,95,Left,Left,448,4,14,0,nan,nan,0.01
8/17/2023 11:58:57,1.16.3,ProgRatio,5,4.03,nan,95,Left,Left,449,4,14,0,nan,nan,0.00
8/17/2023 11:59:00,1.16.3,ProgRatio,5,4.03,nan,95,Left,Left,450,4,14,0,nan,nan,0.03
8/17/2023 12:17:11,1.16.3,ProgRatio,5,4.03,nan,95,Left,Left,451,4,14,0,nan,nan,0.47
8/17/2023 12:17:14,1.16.3,ProgRatio,5,4.03,nan,95,Left,Left,452,4,14,0,nan,nan,0.33
8/17/2023 12:17:18,1.16.3,ProgRatio,5,4.02,nan,95,Left,Left,453,4,14,0,nan,nan,0.36
8/17/2023 12:17:19,1.16.3,ProgRatio,5,4.03,1,95,Pellet,Left,453,4,15,0,0.63,1873,nan
8/17/2023 12:18:08,1.16.3,ProgRatio,5,4.03,nan,118,Left,Left,454,4,15,0,nan,nan,0.25
8/17/2023 12:18:12,1.16.3,ProgRatio,5,4.03,nan,118,Left,Left,455,4,15,0,nan,nan,0.07
8/17/2023 12:18:17,1.16.3,ProgRatio,5,4.03,nan,118,Left,Left,456,4,15,0,nan,nan,0.68
8/17/2023 12:18:20,1.16.3,ProgRatio,5,4.03,nan,118,Left,Left,457,4,15,0,nan,nan,0.34
8/17/2023 12:18:25,1.16.3,ProgRatio,5,4.03,nan,118,Left,Left,458,4,15,0,nan,nan,0.69
8/17/2023 12:18:30,1.16.3,ProgRatio,5,4.03,nan,118,Left,Left,459,4,15,0,nan,nan,0.64
8/17/2023 12:18:31,1.16.3,ProgRatio,5,4.03,nan,118,Left,Left,460,4,15,0,nan,nan,0.06
8/17/2023 12:18:34,1.16.3,ProgRatio,5,4.03,nan,118,Left,Left,461,4,15,0,nan,nan,0.39
8/17/2023 12:18:37,1.16.3,ProgRatio,5,4.03,nan,118,Left,Left,462,4,15,0,nan,nan,0.55
8/17/2023 12:18:37,1.16.3,ProgRatio,5,4.03,nan,118,Left,Left,463,4,15,0,nan,nan,0.10
8/17/2023 12:18:42,1.16.3,ProgRatio,5,4.03,nan,118,Left,Left,464,4,15,0,nan,nan,0.90
8/17/2023 12:18:48,1.16.3,ProgRatio,5,4.03,nan,118,Left,Left,465,4,15,0,nan,nan,2.83
8/17/2023 12:18:51,1.16.3,ProgRatio,5,4.03,nan,118,Left,Left,466,4,15,0,nan,nan,0.02
8/17/2023 12:18:53,1.16.3,ProgRatio,5,4.03,nan,118,Left,Left,467,4,15,0,nan,nan,0.00
8/17/2023 12:18:54,1.16.3,ProgRatio,5,4.03,nan,118,Left,Left,468,4,15,0,nan,nan,0.41
8/17/2023 12:18:55,1.16.3,ProgRatio,5,4.03,nan,118,Left,Left,469,4,15,0,nan,nan,0.02
8/17/2023 12:18:59,1.16.3,ProgRatio,5,4.03,nan,118,Left,Left,470,4,15,0,nan,nan,0.54
8/17/2023 12:19:00,1.16.3,ProgRatio,5,4.03,nan,118,Left,Left,471,4,15,0,nan,nan,0.14
8/17/2023 12:19:01,1.16.3,ProgRatio,5,4.03,nan,118,Left,Left,472,4,15,0,nan,nan,0.04
8/17/2023 12:19:02,1.16.3,ProgRatio,5,4.03,nan,118,Left,Left,473,4,15,0,nan,nan,0.01
8/17/2023 12:19:04,1.16.3,ProgRatio,5,4.03,nan,118,Left,Left,474,4,15,0,nan,nan,0.08
8/17/2023 12:19:05,1.16.3,ProgRatio,5,4.03,nan,118,Left,Left,475,4,15,0,nan,nan,0.02
8/17/2023 12:19:06,1.16.3,ProgRatio,5,4.03,nan,118,Left,Left,476,4,15,0,nan,nan,0.07
8/17/2023 12:19:07,1.16.3,ProgRatio,5,4.03,nan,118,Left,Left,477,4,15,0,nan,nan,0.02
8/17/2023 12:19:08,1.16.3,ProgRatio,5,4.03,nan,118,Left,Left,478,4,15,0,nan,nan,0.06
8/17/2023 12:19:09,1.16.3,ProgRatio,5,4.03,nan,118,Left,Left,479,4,15,0,nan,nan,0.49
8/17/2023 12:19:12,1.16.3,ProgRatio,5,4.03,nan,118,Left,Left,480,4,15,0,nan,nan,0.08
8/17/2023 12:19:13,1.16.3,ProgRatio,5,4.03,nan,118,Left,Left,481,4,15,0,nan,nan,0.49
8/17/2023 12:19:15,1.16.3,ProgRatio,5,4.03,nan,118,Left,Left,482,4,15,0,nan,nan,0.10
8/17/2023 12:19:16,1.16.3,ProgRatio,5,4.03,nan,118,Left,Left,483,4,15,0,nan,nan,0.01
8/17/2023 12:19:18,1.16.3,ProgRatio,5,4.03,nan,118,Left,Left,484,4,15,0,nan,nan,0.03
8/17/2023 12:19:20,1.16.3,ProgRatio,5,4.03,nan,118,Left,Left,485,4,15,0,nan,nan,0.04
8/17/2023 12:19:22,1.16.3,ProgRatio,5,4.03,nan,118,Left,Left,486,4,15,0,nan,nan,0.17
8/17/2023 12:19:23,1.16.3,ProgRatio,5,4.03,nan,118,Left,Left,487,4,15,0,nan,nan,0.02
8/17/2023 12:19:26,1.16.3,ProgRatio,5,4.03,nan,118,Left,Left,488,4,15,0,nan,nan,0.96
8/17/2023 12:27:54,1.16.3,ProgRatio,5,4.03,nan,118,Left,Left,489,4,15,0,nan,nan,0.66
8/17/2023 12:27:56,1.16.3,ProgRatio,5,4.03,nan,118,Left,Left,490,4,15,0,nan,nan,0.67
8/17/2023 12:28:00,1.16.3,ProgRatio,5,4.03,nan,118,Left,Left,491,4,15,0,nan,nan,1.30
8/17/2023 12:28:03,1.16.3,ProgRatio,5,4.03,nan,118,Left,Left,492,4,15,0,nan,nan,1.29
8/17/2023 12:28:06,1.16.3,ProgRatio,5,4.03,nan,118,Left,Left,493,4,15,0,nan,nan,0.65
8/17/2023 12:28:07,1.16.3,ProgRatio,5,4.03,nan,118,Left,Left,494,4,15,0,nan,nan,0.64
8/17/2023 12:28:08,1.16.3,ProgRatio,5,4.02,nan,118,Left,Left,495,4,15,0,nan,nan,0.02
8/17/2023 12:28:09,1.16.3,ProgRatio,5,4.03,nan,118,Left,Left,496,4,15,0,nan,nan,0.53
8/17/2023 12:28:13,1.16.3,ProgRatio,5,4.03,nan,118,Left,Left,497,4,15,0,nan,nan,1.46
8/17/2023 12:28:17,1.16.3,ProgRatio,5,4.03,nan,118,Left,Left,498,4,15,0,nan,nan,0.50
8/17/2023 12:28:22,1.16.3,ProgRatio,5,4.03,nan,118,Left,Left,499,4,15,0,nan,nan,1.17
8/17/2023 12:28:24,1.16.3,ProgRatio,5,4.03,nan,118,Left,Left,500,4,15,0,nan,nan,0.09
8/17/2023 12:28:26,1.16.3,ProgRatio,5,4.03,nan,118,Left,Left,501,4,15,0,nan,nan,0.06
8/17/2023 12:53:00,1.16.3,ProgRatio,5,4.03,nan,118,Left,Left,502,4,15,0,nan,nan,0.70
8/17/2023 12:53:02,1.16.3,ProgRatio,5,4.03,nan,118,Left,Left,503,4,15,0,nan,nan,0.26
8/17/2023 12:53:05,1.16.3,ProgRatio,5,4.03,nan,118,Left,Left,504,4,15,0,nan,nan,0.26
8/17/2023 12:53:08,1.16.3,ProgRatio,5,4.03,nan,118,Left,Left,505,4,15,0,nan,nan,0.08
8/17/2023 12:53:10,1.16.3,ProgRatio,5,4.03,nan,118,Left,Left,506,4,15,0,nan,nan,0.80
8/17/2023 12:53:14,1.16.3,ProgRatio,5,4.03,nan,118,Left,Left,507,4,15,0,nan,nan,0.73
8/17/2023 12:53:15,1.16.3,ProgRatio,5,4.03,nan,118,Left,Left,508,4,15,0,nan,nan,0.15
8/17/2023 12:53:18,1.16.3,ProgRatio,5,4.03,nan,118,Left,Left,509,4,15,0,nan,nan,1.10
8/17/2023 12:53:21,1.16.3,ProgRatio,5,4.03,nan,118,Left,Left,510,4,15,0,nan,nan,0.38
8/17/2023 12:53:24,1.16.3,ProgRatio,5,4.02,nan,118,Left,Left,511,4,15,0,nan,nan,0.11
8/17/2023 12:53:26,1.16.3,ProgRatio,5,4.03,nan,118,Left,Left,512,4,15,0,nan,nan,0.96
8/17/2023 12:53:26,1.16.3,ProgRatio,5,4.03,nan,118,Left,Left,513,4,15,0,nan,nan,0.00
8/17/2023 12:53:28,1.16.3,ProgRatio,5,4.03,nan,118,Left,Left,514,4,15,0,nan,nan,0.00
8/17/2023 12:53:30,1.16.3,ProgRatio,5,4.03,nan,118,Left,Left,515,4,15,0,nan,nan,0.14
8/17/2023 12:53:31,1.16.3,ProgRatio,5,4.03,nan,118,Left,Left,516,4,15,0,nan,nan,0.55
8/17/2023 12:53:35,1.16.3,ProgRatio,5,4.03,nan,118,Left,Left,517,4,15,0,nan,nan,0.43
8/17/2023 13:16:17,1.16.3,ProgRatio,5,4.03,nan,118,Left,Left,518,4,15,0,nan,nan,0.04
8/17/2023 13:16:18,1.16.3,ProgRatio,5,4.03,nan,118,Left,Left,519,4,15,0,nan,nan,0.00
8/17/2023 13:16:20,1.16.3,ProgRatio,5,4.03,nan,118,Left,Left,520,4,15,0,nan,nan,0.15
8/17/2023 13:16:21,1.16.3,ProgRatio,5,4.03,nan,118,Left,Left,521,4,15,0,nan,nan,0.12
8/17/2023 13:16:26,1.16.3,ProgRatio,5,4.03,nan,118,Left,Left,522,4,15,0,nan,nan,0.60
8/17/2023 13:16:28,1.16.3,ProgRatio,5,4.03,nan,118,Left,Left,523,4,15,0,nan,nan,0.50
8/17/2023 13:16:34,1.16.3,ProgRatio,5,4.03,nan,118,Left,Left,524,4,15,0,nan,nan,0.01
8/17/2023 13:16:36,1.16.3,ProgRatio,5,4.03,nan,118,Left,Left,525,4,15,0,nan,nan,0.03
8/17/2023 13:16:38,1.16.3,ProgRatio,5,4.03,nan,118,Left,Left,526,4,15,0,nan,nan,0.12
8/17/2023 13:16:39,1.16.3,ProgRatio,5,4.03,nan,118,Left,Left,527,4,15,0,nan,nan,0.00
8/17/2023 13:16:41,1.16.3,ProgRatio,5,4.03,nan,118,Left,Left,528,4,15,0,nan,nan,0.04
8/17/2023 13:16:42,1.16.3,ProgRatio,5,4.03,nan,118,Left,Left,529,4,15,0,nan,nan,0.04
8/17/2023 13:16:44,1.16.3,ProgRatio,5,4.03,nan,118,Left,Left,530,4,15,0,nan,nan,0.05
8/17/2023 13:16:45,1.16.3,ProgRatio,5,4.03,nan,118,Left,Left,531,4,15,0,nan,nan,0.09
8/17/2023 13:16:46,1.16.3,ProgRatio,5,4.03,nan,118,Left,Left,532,4,15,0,nan,nan,0.06
8/17/2023 13:16:48,1.16.3,ProgRatio,5,4.03,nan,118,Left,Left,533,4,15,0,nan,nan,0.12
8/17/2023 13:16:49,1.16.3,ProgRatio,5,4.03,nan,118,Left,Left,534,4,15,0,nan,nan,0.12
8/17/2023 13:16:50,1.16.3,ProgRatio,5,4.02,nan,118,Left,Left,535,4,15,0,nan,nan,0.07
8/17/2023 13:23:38,1.16.3,ProgRatio,5,4.03,nan,118,Left,Left,536,4,15,0,nan,nan,0.37
8/17/2023 13:23:41,1.16.3,ProgRatio,5,4.03,nan,118,Left,Left,537,4,15,0,nan,nan,0.31
8/17/2023 13:23:42,1.16.3,ProgRatio,5,4.03,nan,118,Left,Left,538,4,15,0,nan,nan,0.02
8/17/2023 13:23:45,1.16.3,ProgRatio,5,4.03,nan,118,Left,Left,539,4,15,0,nan,nan,0.12
8/17/2023 13:23:46,1.16.3,ProgRatio,5,4.03,nan,118,Left,Left,540,4,15,0,nan,nan,0.00
8/17/2023 13:23:48,1.16.3,ProgRatio,5,4.03,nan,118,Left,Left,541,4,15,0,nan,nan,1.08
8/17/2023 13:23:51,1.16.3,ProgRatio,5,4.03,nan,118,Left,Left,542,4,15,0,nan,nan,0.08
8/17/2023 13:23:52,1.16.3,ProgRatio,5,4.03,nan,118,Left,Left,543,4,15,0,nan,nan,0.00
8/17/2023 13:23:53,1.16.3,ProgRatio,5,4.03,nan,118,Left,Left,544,4,15,0,nan,nan,0.01
8/17/2023 13:24:00,1.16.3,ProgRatio,5,4.03,nan,118,Left,Left,545,4,15,0,nan,nan,0.02
8/17/2023 13:38:15,1.16.3,ProgRatio,5,4.03,nan,118,Left,Left,546,4,15,0,nan,nan,1.61
8/17/2023 13:38:30,1.16.3,ProgRatio,5,4.03,nan,118,Left,Left,547,4,15,0,nan,nan,0.02
8/17/2023 13:38:32,1.16.3,ProgRatio,5,4.03,nan,118,Left,Left,548,4,15,0,nan,nan,0.17
8/17/2023 13:38:34,1.16.3,ProgRatio,5,4.03,nan,118,Left,Left,549,4,15,0,nan,nan,1.26
8/17/2023 13:38:36,1.16.3,ProgRatio,5,4.03,nan,118,Left,Left,550,4,15,0,nan,nan,0.13
8/17/2023 13:38:40,1.16.3,ProgRatio,5,4.02,nan,118,Left,Left,551,4,15,0,nan,nan,0.26
8/17/2023 13:38:43,1.16.3,ProgRatio,5,4.03,nan,118,Left,Left,552,4,15,0,nan,nan,0.08
8/17/2023 13:39:18,1.16.3,ProgRatio,5,4.03,nan,118,Left,Left,553,4,15,0,nan,nan,0.02
8/17/2023 13:39:26,1.16.3,ProgRatio,5,4.03,nan,118,Left,Left,554,4,15,0,nan,nan,0.10
8/17/2023 13:39:29,1.16.3,ProgRatio,5,4.03,nan,118,Left,Left,555,4,15,0,nan,nan,0.73
8/17/2023 13:39:30,1.16.3,ProgRatio,5,4.03,nan,118,Left,Left,556,4,15,0,nan,nan,0.01
8/17/2023 13:39:35,1.16.3,ProgRatio,5,4.03,nan,118,Left,Left,557,4,15,0,nan,nan,0.03
8/17/2023 13:39:36,1.16.3,ProgRatio,5,4.03,nan,118,Left,Left,558,4,15,0,nan,nan,0.05
8/17/2023 13:39:39,1.16.3,ProgRatio,5,4.03,nan,118,Left,Left,559,4,15,0,nan,nan,0.03
8/17/2023 13:39:42,1.16.3,ProgRatio,5,4.03,nan,118,Left,Left,560,4,15,0,nan,nan,1.14
8/17/2023 13:39:44,1.16.3,ProgRatio,5,4.03,nan,118,Left,Left,561,4,15,0,nan,nan,0.21
8/17/2023 13:39:45,1.16.3,ProgRatio,5,4.03,nan,118,Left,Left,562,4,15,0,nan,nan,0.04
8/17/2023 13:39:47,1.16.3,ProgRatio,5,4.03,nan,118,Left,Left,563,4,15,0,nan,nan,0.00
8/17/2023 13:39:50,1.16.3,ProgRatio,5,4.03,nan,118,Left,Left,564,4,15,0,nan,nan,0.08
8/17/2023 13:39:52,1.16.3,ProgRatio,5,4.03,nan,118,Left,Left,565,4,15,0,nan,nan,0.57
8/17/2023 13:39:55,1.16.3,ProgRatio,5,4.03,nan,118,Left,Left,566,4,15,0,nan,nan,0.04
8/17/2023 13:41:44,1.16.3,ProgRatio,5,4.03,nan,118,Left,Left,567,4,15,0,nan,nan,0.07
8/17/2023 13:41:48,1.16.3,ProgRatio,5,4.03,nan,118,Left,Left,568,4,15,0,nan,nan,0.61
8/17/2023 13:41:51,1.16.3,ProgRatio,5,4.03,nan,118,Left,Left,569,4,15,0,nan,nan,1.30
8/17/2023 13:41:55,1.16.3,ProgRatio,5,4.03,nan,118,Left,Left,570,4,15,0,nan,nan,0.29
8/17/2023 13:41:59,1.16.3,ProgRatio,5,4.03,nan,118,Left,Left,571,4,15,0,nan,nan,1.31
8/17/2023 13:41:59,1.16.3,ProgRatio,5,4.03,nan,118,LeftDuringDispense,Left,572,4,15,0,nan,nan,0.10
8/17/2023 13:42:03,1.16.3,ProgRatio,5,4.02,2,118,Pellet,Left,572,4,16,0,0.75,5084,nan
8/17/2023 13:43:14,1.16.3,ProgRatio,5,4.03,nan,145,Left,Left,573,4,16,0,nan,nan,0.01
8/17/2023 13:43:16,1.16.3,ProgRatio,5,4.03,nan,145,Left,Left,574,4,16,0,nan,nan,0.56
8/17/2023 13:43:18,1.16.3,ProgRatio,5,4.03,nan,145,Left,Left,575,4,16,0,nan,nan,0.00
8/17/2023 13:43:20,1.16.3,ProgRatio,5,4.03,nan,145,Left,Left,576,4,16,0,nan,nan,0.56
8/17/2023 13:43:23,1.16.3,ProgRatio,5,4.03,nan,145,Left,Left,577,4,16,0,nan,nan,0.57
8/17/2023 13:43:25,1.16.3,ProgRatio,5,4.03,nan,145,Left,Left,578,4,16,0,nan,nan,0.64
8/17/2023 13:43:28,1.16.3,ProgRatio,5,4.03,nan,145,Left,Left,579,4,16,0,nan,nan,1.07
8/17/2023 13:43:32,1.16.3,ProgRatio,5,4.02,nan,145,Left,Left,580,4,16,0,nan,nan,0.03
8/17/2023 13:43:34,1.16.3,ProgRatio,5,4.03,nan,145,Left,Left,581,4,16,0,nan,nan,0.00
8/17/2023 13:43:36,1.16.3,ProgRatio,5,4.03,nan,145,Left,Left,582,4,16,0,nan,nan,0.50
8/17/2023 13:43:38,1.16.3,ProgRatio,5,4.03,nan,145,Left,Left,583,4,16,0,nan,nan,0.22
8/17/2023 13:43:39,1.16.3,ProgRatio,5,4.02,nan,145,Left,Left,584,4,16,0,nan,nan,0.01
8/17/2023 13:43:42,1.16.3,ProgRatio,5,4.03,nan,145,Left,Left,585,4,16,0,nan,nan,0.98
8/17/2023 13:43:45,1.16.3,ProgRatio,5,4.03,nan,145,Left,Left,586,4,16,0,nan,nan,1.15
8/17/2023 13:43:47,1.16.3,ProgRatio,5,4.02,nan,145,Left,Left,587,4,16,0,nan,nan,0.00
8/17/2023 13:43:52,1.16.3,ProgRatio,5,4.03,nan,145,Left,Left,588,4,16,0,nan,nan,2.33
8/17/2023 13:43:54,1.16.3,ProgRatio,5,4.03,nan,145,Left,Left,589,4,16,0,nan,nan,0.03
8/17/2023 13:43:55,1.16.3,ProgRatio,5,4.03,nan,145,Left,Left,590,4,16,0,nan,nan,0.00
8/17/2023 13:43:57,1.16.3,ProgRatio,5,4.03,nan,145,Left,Left,591,4,16,0,nan,nan,0.01
8/17/2023 13:43:59,1.16.3,ProgRatio,5,4.03,nan,145,Left,Left,592,4,16,0,nan,nan,0.07
8/17/2023 13:44:01,1.16.3,ProgRatio,5,4.03,nan,145,Left,Left,593,4,16,0,nan,nan,0.07
8/17/2023 13:44:03,1.16.3,ProgRatio,5,4.03,nan,145,Left,Left,594,4,16,0,nan,nan,0.01
8/17/2023 13:44:05,1.16.3,ProgRatio,5,4.03,nan,145,Left,Left,595,4,16,0,nan,nan,0.52
8/17/2023 13:44:08,1.16.3,ProgRatio,5,4.02,nan,145,Left,Left,596,4,16,0,nan,nan,0.44
8/17/2023 13:44:10,1.16.3,ProgRatio,5,4.03,nan,145,Left,Left,597,4,16,0,nan,nan,0.09
8/17/2023 13:44:14,1.16.3,ProgRatio,5,4.03,nan,145,Left,Left,598,4,16,0,nan,nan,0.00
8/17/2023 13:45:56,1.16.3,ProgRatio,5,4.02,nan,145,Left,Left,599,4,16,0,nan,nan,0.03
8/17/2023 13:46:00,1.16.3,ProgRatio,5,4.03,nan,145,Left,Left,600,4,16,0,nan,nan,0.08
8/17/2023 13:46:01,1.16.3,ProgRatio,5,4.03,nan,145,Left,Left,601,4,16,0,nan,nan,0.00
8/17/2023 13:46:02,1.16.3,ProgRatio,5,4.03,nan,145,Left,Left,602,4,16,0,nan,nan,0.15
8/17/2023 13:46:04,1.16.3,ProgRatio,5,4.03,nan,145,Left,Left,603,4,16,0,nan,nan,0.50
8/17/2023 13:46:06,1.16.3,ProgRatio,5,4.02,nan,145,Left,Left,604,4,16,0,nan,nan,0.55
8/17/2023 13:46:08,1.16.3,ProgRatio,5,4.02,nan,145,Left,Left,605,4,16,0,nan,nan,0.00
8/17/2023 13:46:09,1.16.3,ProgRatio,5,4.03,nan,145,Left,Left,606,4,16,0,nan,nan,0.44
8/17/2023 13:46:12,1.16.3,ProgRatio,5,4.03,nan,145,Left,Left,607,4,16,0,nan,nan,0.11
8/17/2023 13:46:14,1.16.3,ProgRatio,5,4.03,nan,145,Left,Left,608,4,16,0,nan,nan,0.62
8/17/2023 13:46:19,1.16.3,ProgRatio,5,4.02,nan,145,Left,Left,609,4,16,0,nan,nan,0.18
8/17/2023 13:46:21,1.16.3,ProgRatio,5,4.02,nan,145,Left,Left,610,4,16,0,nan,nan,0.21
8/17/2023 13:46:24,1.16.3,ProgRatio,5,4.03,nan,145,Left,Left,611,4,16,0,nan,nan,0.10
8/17/2023 13:46:28,1.16.3,ProgRatio,5,4.03,nan,145,Left,Left,612,4,16,0,nan,nan,0.49
8/17/2023 13:49:33,1.16.3,ProgRatio,5,4.03,nan,145,Left,Left,613,4,16,0,nan,nan,0.10
8/17/2023 13:49:35,1.16.3,ProgRatio,5,4.03,nan,145,Left,Left,614,4,16,0,nan,nan,0.45
8/17/2023 13:49:39,1.16.3,ProgRatio,5,4.03,nan,145,Left,Left,615,4,16,0,nan,nan,0.53
8/17/2023 13:49:42,1.16.3,ProgRatio,5,4.03,nan,145,Left,Left,616,4,16,0,nan,nan,0.60
8/17/2023 13:49:44,1.16.3,ProgRatio,5,4.03,nan,145,Left,Left,617,4,16,0,nan,nan,0.29
8/17/2023 13:49:45,1.16.3,ProgRatio,5,4.02,nan,145,Left,Left,618,4,16,0,nan,nan,0.48
8/17/2023 13:49:47,1.16.3,ProgRatio,5,4.03,nan,145,Left,Left,619,4,16,0,nan,nan,0.46
8/17/2023 13:49:50,1.16.3,ProgRatio,5,4.03,nan,145,Left,Left,620,4,16,0,nan,nan,0.75
8/17/2023 13:49:52,1.16.3,ProgRatio,5,4.03,nan,145,Left,Left,621,4,16,0,nan,nan,0.54
8/17/2023 13:49:55,1.16.3,ProgRatio,5,4.03,nan,145,Left,Left,622,4,16,0,nan,nan,0.72
8/17/2023 13:49:57,1.16.3,ProgRatio,5,4.03,nan,145,Left,Left,623,4,16,0,nan,nan,0.47
8/17/2023 13:49:59,1.16.3,ProgRatio,5,4.03,nan,145,Left,Left,624,4,16,0,nan,nan,0.27
8/17/2023 13:50:01,1.16.3,ProgRatio,5,4.03,nan,145,Left,Left,625,4,16,0,nan,nan,0.00
8/17/2023 13:50:02,1.16.3,ProgRatio,5,4.03,nan,145,Left,Left,626,4,16,0,nan,nan,0.00
8/17/2023 13:51:21,1.16.3,ProgRatio,5,4.03,nan,145,Left,Left,627,4,16,0,nan,nan,0.00
8/17/2023 13:51:24,1.16.3,ProgRatio,5,4.02,nan,145,Left,Left,628,4,16,0,nan,nan,0.78
8/17/2023 13:51:26,1.16.3,ProgRatio,5,4.03,nan,145,Left,Left,629,4,16,0,nan,nan,0.17
8/17/2023 13:51:28,1.16.3,ProgRatio,5,4.03,nan,145,Left,Left,630,4,16,0,nan,nan,0.27
8/17/2023 13:51:31,1.16.3,ProgRatio,5,4.03,nan,145,Left,Left,631,4,16,0,nan,nan,1.16
8/17/2023 13:51:34,1.16.3,ProgRatio,5,4.03,nan,145,Left,Left,632,4,16,0,nan,nan,0.68
8/17/2023 13:51:36,1.16.3,ProgRatio,5,4.03,nan,145,Left,Left,633,4,16,0,nan,nan,0.47
8/17/2023 13:51:37,1.16.3,ProgRatio,5,4.03,nan,145,Left,Left,634,4,16,0,nan,nan,0.34
8/17/2023 13:51:38,1.16.3,ProgRatio,5,4.03,nan,145,Left,Left,635,4,16,0,nan,nan,0.00
8/17/2023 13:51:41,1.16.3,ProgRatio,5,4.03,nan,145,Left,Left,636,4,16,0,nan,nan,0.50
8/17/2023 13:51:43,1.16.3,ProgRatio,5,4.02,nan,145,Left,Left,637,4,16,0,nan,nan,0.37
8/17/2023 13:51:46,1.16.3,ProgRatio,5,4.03,nan,145,Left,Left,638,4,16,0,nan,nan,0.00
8/17/2023 13:51:48,1.16.3,ProgRatio,5,4.03,nan,145,Left,Left,639,4,16,0,nan,nan,0.04
8/17/2023 13:51:50,1.16.3,ProgRatio,5,4.02,nan,145,Left,Left,640,4,16,0,nan,nan,0.41
8/17/2023 13:51:58,1.16.3,ProgRatio,5,4.02,nan,145,Left,Left,641,4,16,0,nan,nan,0.69
8/17/2023 13:51:59,1.16.3,ProgRatio,5,4.03,nan,145,Left,Left,642,4,16,0,nan,nan,0.05
8/17/2023 13:52:02,1.16.3,ProgRatio,5,4.03,nan,145,Left,Left,643,4,16,0,nan,nan,0.75
8/17/2023 13:52:29,1.16.3,ProgRatio,5,4.03,nan,145,Left,Left,644,4,16,0,nan,nan,0.09
8/17/2023 13:52:31,1.16.3,ProgRatio,5,4.03,nan,145,Left,Left,645,4,16,0,nan,nan,0.16
8/17/2023 13:55:49,1.16.3,ProgRatio,5,4.03,nan,145,Left,Left,646,4,16,0,nan,nan,0.13
8/17/2023 13:55:52,1.16.3,ProgRatio,5,4.03,nan,145,Left,Left,647,4,16,0,nan,nan,0.08
8/17/2023 13:55:53,1.16.3,ProgRatio,5,4.03,nan,145,Left,Left,648,4,16,0,nan,nan,0.00
8/17/2023 13:55:56,1.16.3,ProgRatio,5,4.03,nan,145,Left,Left,649,4,16,0,nan,nan,0.13
8/17/2023 13:55:58,1.16.3,ProgRatio,5,4.03,nan,145,Left,Left,650,4,16,0,nan,nan,0.59
8/17/2023 13:56:00,1.16.3,ProgRatio,5,4.03,nan,145,Left,Left,651,4,16,0,nan,nan,0.03
8/17/2023 13:56:01,1.16.3,ProgRatio,5,4.03,nan,145,Left,Left,652,4,16,0,nan,nan,0.00
8/17/2023 13:56:03,1.16.3,ProgRatio,5,4.03,nan,145,Left,Left,653,4,16,0,nan,nan,0.19
8/17/2023 13:56:07,1.16.3,ProgRatio,5,4.03,nan,145,Left,Left,654,4,16,0,nan,nan,0.27
8/17/2023 13:56:09,1.16.3,ProgRatio,5,4.03,nan,145,Left,Left,655,4,16,0,nan,nan,0.65
8/17/2023 13:56:11,1.16.3,ProgRatio,5,4.02,nan,145,Left,Left,656,4,16,0,nan,nan,0.47
8/17/2023 13:56:13,1.16.3,ProgRatio,5,4.03,nan,145,Left,Left,657,4,16,0,nan,nan,0.53
8/17/2023 13:56:14,1.16.3,ProgRatio,5,4.03,nan,145,Left,Left,658,4,16,0,nan,nan,0.29
8/17/2023 13:56:16,1.16.3,ProgRatio,5,4.03,nan,145,Left,Left,659,4,16,0,nan,nan,0.45
8/17/2023 13:56:17,1.16.3,ProgRatio,5,4.03,nan,145,Left,Left,660,4,16,0,nan,nan,0.16
8/17/2023 14:04:53,1.16.3,ProgRatio,5,4.03,nan,145,Left,Left,661,4,16,0,nan,nan,0.39
8/17/2023 14:04:57,1.16.3,ProgRatio,5,4.03,nan,145,Left,Left,662,4,16,0,nan,nan,0.60
8/17/2023 14:09:07,1.16.3,ProgRatio,5,4.03,nan,145,Left,Left,663,4,16,0,nan,nan,1.06
8/17/2023 14:09:08,1.16.3,ProgRatio,5,4.03,nan,145,Left,Left,664,4,16,0,nan,nan,0.00
8/17/2023 14:09:10,1.16.3,ProgRatio,5,4.03,nan,145,Left,Left,665,4,16,0,nan,nan,0.45
8/17/2023 14:09:12,1.16.3,ProgRatio,5,4.03,nan,145,Left,Left,666,4,16,0,nan,nan,0.06
8/17/2023 14:09:16,1.16.3,ProgRatio,5,4.03,nan,145,Left,Left,667,4,16,0,nan,nan,0.58
8/17/2023 14:09:19,1.16.3,ProgRatio,5,4.03,nan,145,Left,Left,668,4,16,0,nan,nan,0.12
8/17/2023 14:09:21,1.16.3,ProgRatio,5,4.02,nan,145,Left,Left,669,4,16,0,nan,nan,0.07
8/17/2023 14:09:24,1.16.3,ProgRatio,5,4.03,nan,145,Left,Left,670,4,16,0,nan,nan,0.92
8/17/2023 14:09:26,1.16.3,ProgRatio,5,4.03,nan,145,Left,Left,671,4,16,0,nan,nan,0.47
8/17/2023 14:09:27,1.16.3,ProgRatio,5,4.03,nan,145,Left,Left,672,4,16,0,nan,nan,0.06
8/17/2023 14:09:29,1.16.3,ProgRatio,5,4.03,nan,145,Left,Left,673,4,16,0,nan,nan,0.62
8/17/2023 14:09:31,1.16.3,ProgRatio,5,4.03,nan,145,Left,Left,674,4,16,0,nan,nan,0.50
8/17/2023 14:09:32,1.16.3,ProgRatio,5,4.03,nan,145,Left,Left,675,4,16,0,nan,nan,0.00
8/17/2023 14:09:38,1.16.3,ProgRatio,5,4.02,nan,145,Left,Left,676,4,16,0,nan,nan,1.16
8/17/2023 14:09:41,1.16.3,ProgRatio,5,4.03,nan,145,Left,Left,677,4,16,0,nan,nan,0.47
8/17/2023 14:09:42,1.16.3,ProgRatio,5,4.03,nan,145,Left,Left,678,4,16,0,nan,nan,0.39
8/17/2023 14:09:45,1.16.3,ProgRatio,5,4.03,nan,145,Left,Left,679,4,16,0,nan,nan,0.62
8/17/2023 14:09:47,1.16.3,ProgRatio,5,4.03,nan,145,Left,Left,680,4,16,0,nan,nan,0.08
8/17/2023 14:09:49,1.16.3,ProgRatio,5,4.03,nan,145,Left,Left,681,4,16,0,nan,nan,0.00
8/17/2023 14:09:52,1.16.3,ProgRatio,5,4.03,nan,145,Left,Left,682,4,16,0,nan,nan,0.97
8/17/2023 14:09:56,1.16.3,ProgRatio,5,4.03,nan,145,Left,Left,683,4,16,0,nan,nan,0.43
8/17/2023 14:10:02,1.16.3,ProgRatio,5,4.03,nan,145,Left,Left,684,4,16,0,nan,nan,0.38
